ticker,open,high,low,close,volume,FDI_30,Entropy_20,Hurst_100,LZC_50,FDI_n,Entropy_n,LZC_n,Hurst_n,regime_score,regime_delta,regime_accel,regime_state,is_transition,transition_type,prob_toxic,prob_chop,prob_neutral,prob_trend,prob_clean_trend,regime_most_likely,regime_confidence
AURE3.SA,12.140000343322754,12.350000381469727,11.869999885559082,12.329999923706055,3339200.0,1.4326300061388895,2.5804820237218404,0.5418711340686425,3.27343659006934,0.6640517801417931,0.6659573212832177,0.3333333337270753,0.39345130828541164,52.77284594521936,-3.607810806620982,-9.36769795223146,neutral,False,stable,8.417663483596639e-05,0.05912957940733623,0.760746726543737,0.17926580972243059,0.0007737076916601991,neutral,0.760746726543737
ASAI3.SA,7.980000019073486,8.079999923706055,7.860000133514404,7.869999885559082,16401600.0,1.4793825326139687,2.903701696057348,0.6736819032966582,3.160559466273846,0.587643001185379,0.38765393401144566,0.37500000034606196,0.731892946346867,51.333497321436404,4.380830436801489,4.3001127560764445,neutral,False,stable,0.00015360354288276743,0.08090851495718086,0.7805654053056331,0.13792609524081498,0.00044638095348819,neutral,0.7805654053056331
ALOS3.SA,28.31999969482422,29.190000534057617,28.209999084472656,28.65999984741211,5363900.0,1.4179831511939631,2.4211274733371866,0.57526765538147,2.4832967235008785,0.6802968582145811,0.8841831373441922,0.7142857144665142,0.38930191998013947,68.15666544130788,1.4184886308163698,5.256624475974647,trend,False,stable,3.568189893341963e-08,0.000543604161016361,0.15168396004880635,0.775208661953063,0.07256373815521519,trend,0.775208661953063
AZUL4.SA,1.0199999809265137,1.1200000047683716,1.0099999904632568,1.0499999523162842,26063700.0,1.4295138243173389,2.6638651219508542,0.742232313951493,2.596173847296373,0.6011897351135069,0.5118860203768458,0.7500000001845667,0.7633259179279019,64.84936092599855,4.551747482129727,5.181541424428673,trend,False,stable,2.34140905478133e-07,0.0018409554838317355,0.26511320056830584,0.6992645164742323,0.033781093332724624,trend,0.6992645164742323
BBSE3.SA,35.349998474121094,35.5,35.16999816894531,35.16999816894531,3689100.0,1.5150134625446676,2.946439344671015,0.5824566947369101,2.9348052186828566,0.2503696371799624,0.15229588485919565,0.555555555774301,0.325374605492149,31.71486724107927,-2.520732449218201,-6.0722704639754745,chop,False,stable,0.07460048927075646,0.7767515268746144,0.14813054743248863,0.0005174033215402648,3.3100600248194317e-08,chop,0.7767515268746144
BPAC11.SA,53.43000030517578,55.22999954223633,53.20000076293945,54.779998779296875,9599300.0,1.4520729586287289,2.3427376486136673,0.5393389125919568,3.047682342478351,0.6598171690169785,0.5274832030571939,0.43750000031145597,0.23843777326553445,48.687850620036286,0.33481350018000455,2.626795109569649,neutral,False,stable,0.0004426934403948009,0.137371971554823,0.7807558519212139,0.08127452447831231,0.00015495860525611984,neutral,0.7807558519212139
BBDC4.SA,18.229999542236328,18.700000762939453,18.18000030517578,18.540000915527344,22571700.0,1.5332617245331577,2.4804820237218403,0.48907768368144366,3.27343659006934,0.36835546144860076,0.43620163437864623,0.2857142861662856,0.07415730901580475,30.581708037397416,-10.037097336246045,-11.800065666382014,chop,False,stable,0.09464130961437046,0.7855905004771376,0.11943559503310612,0.0003325779134620882,1.696192362655668e-08,chop,0.7855905004771376
B3SA3.SA,14.140000343322754,14.550000190734863,14.0600004196167,14.300000190734863,23197900.0,1.4378558709990905,2.5016094970590275,0.5886317471901605,3.160559466273846,0.6618105977982378,0.6317312163484474,0.6521739131774547,0.3165160946933339,58.28226806596136,1.5910571244413845,-4.009032392858693,neutral,False,stable,7.002378737436594e-06,0.014804752516063816,0.5732958255034835,0.40661039704290264,0.005282022558812623,neutral,0.5732958255034835
BEEF3.SA,6.099999904632568,6.25,6.019999980926514,6.139999866485596,12986800.0,1.4619511207415057,2.8282129458410017,0.6326735782137819,2.9348052186828566,0.5118172048054528,0.3217126150063855,0.6875000001730311,0.5129717150488725,50.844265824626454,-0.6117393187031013,-1.4278773575177865,neutral,False,stable,0.0001876659735351521,0.0896364039893438,0.7841612670103622,0.1256459287358772,0.00036873429088160733,neutral,0.7841612670103622
COGN3.SA,3.690000057220459,3.7799999713897705,3.6700000762939453,3.7200000286102295,11969200.0,1.512231177042974,2.3037016960573484,0.638080843524097,3.160559466273846,0.34884522917208505,0.875181422273325,0.5555555557743008,0.7173101304138575,60.57998393463034,3.1272693276172276,3.2820692726841116,trend,False,stable,2.2530751427346934e-06,0.007542378031882595,0.46244808780321794,0.5193256250446221,0.010681656045134819,trend,0.5193256250446221
BBDC3.SA,15.739999771118164,15.970000267028809,15.619999885559082,15.84000015258789,4992600.0,1.5059039792490156,2.439353872167201,0.5327959064308302,3.047682342478351,0.3788654317113288,0.4956902924877482,0.3846153850347547,0.2538188753671129,38.449982396744694,-9.760263351321974,-13.975577043634765,chop,False,stable,0.014122315684021185,0.5655239792330158,0.4147803809407447,0.005571953201149971,1.3709410684217044e-06,chop,0.5655239792330158
ABEV3.SA,13.529999732971191,13.84000015258789,13.420000076293945,13.779999732971191,22635200.0,1.4053315883102933,2.8464393446710154,0.7095569437647511,2.9348052186828566,0.7726856436471405,0.3448895069596336,0.7777777778871504,0.6829067119221763,64.90538566902735,-5.768195899339986,-3.4892957525467097,trend,False,stable,2.2699450975452734e-07,0.001804876930526847,0.26284632366543725,0.7010972967912772,0.034251275618248984,trend,0.7010972967912772
BBAS3.SA,21.479999542236328,21.81999969482422,21.43000030517578,21.56999969482422,17143500.0,1.5264220563632418,2.295461844238322,0.6480705032046948,2.7090509710918678,0.3156034168324352,0.5948411151296147,0.7272727274923765,0.5299813246074715,53.12057506267226,4.203879795528053,-0.4561120729632435,neutral,False,stable,7.258972602596966e-05,0.054662785002056374,0.7539289577736251,0.19045446852732864,0.0008811989709637912,neutral,0.7539289577736251
CMIN3.SA,5.630000114440918,5.71999979019165,5.53000020980835,5.699999809265137,6106800.0,1.5018303378231384,2.7841837197791888,0.6479208703920855,2.596173847296373,0.43869906883073395,0.4648443409977683,0.8461538462586887,0.7266039570506728,60.4680058873469,-0.8204649641574093,-2.295429992107323,trend,False,stable,2.384419480491007e-06,0.007805289062171171,0.46796933312642136,0.5138872809957925,0.010335712396134606,trend,0.5138872809957925
CVCB3.SA,1.9500000476837158,1.9900000095367432,1.940000057220459,1.9800000190734863,6719400.0,1.607812814010737,2.5841837197791886,0.5219874415509712,3.3863137138648347,0.18996561325902028,0.725176963911942,0.3684210529260674,0.24285180155755595,37.89595484987196,12.42627876547084,16.995715147605523,chop,False,stable,0.016485315375428928,0.590908378440951,0.3879404883599591,0.004664790466988514,1.0273566726031534e-06,chop,0.590908378440951
CXSE3.SA,16.110000610351562,16.280000686645508,16.079999923706055,16.15999984741211,1297900.0,1.4369457117294557,3.0086949695628418,0.5490791157132441,2.596173847296373,0.7207459662293609,0.2410778635931733,0.7368421053858616,0.31384343103522044,52.34724683206111,1.3786708271960109,-1.602842541832274,neutral,False,stable,0.0001007540012668007,0.06499926760879908,0.768027368582188,0.16621377068559745,0.0006588391221486946,neutral,0.768027368582188
BRAP4.SA,20.489999771118164,20.8700008392334,20.389999389648438,20.770000457763672,4051700.0,1.3716111581791288,2.765957320949175,0.6523635707919909,2.9348052186828566,0.8219366230428502,0.5192649517291559,0.629629629751155,0.6807479763673571,66.99542275564043,-3.8108251170507685,-4.589244776144568,trend,False,stable,6.98784473472944e-08,0.0008439443347410282,0.18668371298767417,0.7563470726198596,0.05612520017927787,trend,0.7563470726198596
BRKM5.SA,7.96999979019165,8.020000457763672,7.78000020980835,7.889999866485596,3047700.0,1.455832009168013,2.4332062193464954,0.614568396556862,2.596173847296373,0.6843561483614534,0.6068106836148246,0.6000000002362452,0.45477246563148743,59.79640085975011,-0.981784919457553,-1.5513057750593404,neutral,False,stable,3.339338070443716e-06,0.009557225810970182,0.5009857561106776,0.48099546496489815,0.008458213775383645,neutral,0.5009857561106776
CSAN3.SA,5.960000038146973,6.099999904632568,5.940000057220459,5.960000038146973,17749800.0,1.562619737391206,2.7086949695628424,0.6887573220437067,4.2893307042287905,0.22428282642783126,0.4752661179238632,5.211289177964318e-10,0.7215538250594438,33.04121425514862,3.6656581525534975,7.076474695367047,chop,False,stable,0.05566114594068669,0.7556098678337221,0.18787334635005465,0.0008555685136226888,7.136191375269775e-08,chop,0.7556098678337221
CPLE6.SA,14.210000038146973,14.3100004196167,14.09000015258789,14.260000228881836,8525000.0,1.347039336185989,2.723219672335508,0.6653359078315667,3.047682342478351,1.0,0.5698155416053906,0.6956521740302729,0.8453580430531904,78.5438537519554,4.096672906340942,3.2450731986073436,trend,False,stable,5.104345613453467e-11,6.208613135612578e-06,0.01383156106827127,0.564377732165301,0.4217844981022487,trend,0.564377732165301
CSNA3.SA,9.579999923706055,9.84000015258789,9.489999771118164,9.770000457763672,6954000.0,1.484975621270861,3.108694969562842,0.684321241432168,2.370419599705384,0.49977360493537737,0.09143148560734571,1.0,0.5657948728366864,53.594892744978694,7.841569071491847,3.4660714333523046,neutral,True,improving,5.920580301660263e-05,0.049020708487682856,0.7433904266762897,0.20647925122429833,0.001050407808712494,neutral,0.7433904266762897
CMIG4.SA,10.949999809265137,11.029999732971191,10.880000114440918,10.949999809265137,9775200.0,1.5210800554741244,2.7232196723355075,0.6324843914441307,2.821928094887362,0.5006498730043747,0.43069187679460574,0.6428571430831426,0.6545785556348923,54.94979279977279,5.9389974107846655,9.803173293664834,neutral,False,stable,3.269013061026144e-05,0.03549090608764824,0.7057316436395553,0.2570302075335534,0.0017145526086328427,neutral,0.7057316436395553
DIRR3.SA,17.780000686645508,17.799999237060547,17.3700008392334,17.450000762939453,14216300.0,1.4880763395204726,1.9804820237218406,0.6911510399100717,3.4991908376603287,0.37729731690146096,1.0,0.2307692312934435,0.6461032312549377,55.010214914478674,-5.8416497213030425,0.9432220957229376,neutral,True,deteriorating,3.1822333501796195e-05,0.034968793817953314,0.7038033899171616,0.25944429697533855,0.0017516969560446177,neutral,0.7038033899171616
ELET6.SA,68.19999694824219,68.3499984741211,67.16000366210938,67.63999938964844,872400.0,1.3340508833243654,2.363865121950854,0.6532328621282221,2.9348052186828566,0.8747079556193261,0.5520662665932725,0.7368421053858614,0.7073936368619235,72.6118207052966,-2.280487741364894,0.6540471619002233,trend,False,stable,2.4284251688893986e-09,9.018398222900374e-05,0.06134175030547783,0.7641964073615395,0.1743716559223286,trend,0.7641964073615395
ENGI11.SA,48.16999816894531,48.959999084472656,47.599998474121094,48.22999954223633,2129600.0,1.5223636597820145,2.560964047443681,0.5597248465462565,2.821928094887362,0.46197272350052754,0.7006198383958206,0.9473684210771723,0.5609864435341232,66.27861706252311,1.908369901055437,2.8805811344831227,trend,False,stable,1.0516272684248655e-07,0.0011004528583375506,0.21091288838759273,0.74038373269569,0.04760282089565282,trend,0.74038373269569
CPFE3.SA,48.79999923706055,49.20000076293945,48.349998474121094,48.849998474121094,2216700.0,1.3544577626658934,2.765957320949175,0.6477824047646225,3.27343659006934,0.8447374774892428,0.36492380566209703,0.38888888918966413,0.6051883798332873,56.29120929263707,-4.594717774867526,-5.839441736464316,neutral,False,stable,1.7832658647777352e-05,0.02531806344733931,0.6583653166603682,0.31356348021010105,0.0027353070235437457,neutral,0.6583653166603682
CYRE3.SA,32.5,33.0,32.29999923706055,32.849998474121094,3466200.0,1.4200081190322287,2.2841837197791888,0.7377448479952587,2.7090509710918678,0.6862171855658536,0.9726450377536098,0.7857142858498855,0.8290366490124863,81.12623163731271,-2.2407151921165394,-2.9633263666028284,clean_trend,False,stable,8.47153274497128e-12,1.7271060829412018e-06,0.006449085074922432,0.44106162255044734,0.5524875652600757,clean_trend,0.5524875652600757
ECOR3.SA,10.279999732971191,10.710000038146973,10.260000228881836,10.460000038146973,4264200.0,1.3486986407558452,2.4232196723355077,0.7318595817169959,2.596173847296373,0.8839965293706722,0.7066608940766606,0.8666666667454151,0.7222637280956283,80.29835946358462,3.3370536398784623,2.5026454295028913,clean_trend,False,stable,1.518395813689886e-11,2.6232154061370537e-06,0.008300513939420376,0.4810587124751708,0.5106381503548187,clean_trend,0.5106381503548187
ELET3.SA,65.0,65.08000183105469,63.470001220703125,63.560001373291016,7714400.0,1.3603606781016302,2.6414460711655217,0.6462216437374874,2.7090509710918678,0.7826720774301216,0.4063948364977136,0.7368421053858614,0.6809930346739632,65.6809465634723,-0.1419362029204052,-0.14493679591357989,trend,False,stable,1.4732332324202178e-07,0.0013679433452275201,0.23264128473112414,0.7246487316866436,0.0413418929136814,trend,0.7246487316866436
IGTI11.SA,25.729999542236328,26.200000762939453,25.690000534057617,25.920000076293945,2215600.0,1.4639383436232594,2.065957320949175,0.5881376128543166,3.160559466273846,0.4215500678430383,1.0,0.6153846156467213,0.4330372023178791,61.69186147281677,3.781755911430807,6.066530288233764,trend,False,stable,1.2737436402128038e-06,0.005325876655360561,0.4078704594832632,0.5721046431894916,0.01469774692824439,trend,0.5721046431894916
EGIE3.SA,30.299999237060547,30.549999237060547,30.209999084472656,30.309999465942383,1206000.0,1.499378407527134,2.7841837197791888,0.6857359792579024,2.9348052186828566,0.4802898238572135,0.48089043166027756,0.6363636366565022,0.7994779315641628,58.329605054919156,2.539833398625781,2.017991541070316,neutral,False,stable,6.844827591253966e-06,0.014609310089972375,0.5711089595972075,0.40891242971721387,0.005362455768015046,neutral,0.5711089595972075
FLRY3.SA,14.739999771118164,14.979999542236328,14.630000114440918,14.8100004196167,2242400.0,1.485710295557367,2.390468570732828,0.6660285284469465,2.596173847296373,0.5422170065272538,0.4565861278908768,0.8125000001038187,0.8156113715121296,64.30589082592759,3.0757917557305063,6.163183068980544,trend,False,stable,3.157546838307262e-07,0.0022269505924407086,0.28766924563776936,0.6806100529656577,0.02949343504944849,trend,0.6806100529656577
ENEV3.SA,20.020000457763672,20.309999465942383,19.809999465942383,20.219999313354492,5171200.0,1.4276969100220278,2.7414460711655217,0.6607572756411995,3.27343659006934,0.6387166534460658,0.6845098259772404,0.5555555557743013,0.5434802937310971,61.03274002179246,-4.8556290010546235,-2.2288286818615717,trend,False,stable,1.789164189580689e-06,0.006557053254236868,0.44013843716410594,0.541117968635758,0.012184751781709642,trend,0.541117968635758
EMBR3.SA,88.56999969482422,90.19999694824219,87.94000244140625,89.3499984741211,4495300.0,1.5773767861635712,2.984183719779189,0.6101555456242684,2.9348052186828566,0.25914659320447053,0.13001950071015367,0.5789473686173783,0.3075808817185102,31.650187163692618,2.2594934769403388,4.386656289645778,chop,False,stable,0.0756433340683338,0.7774868678367334,0.1463651001869066,0.000504666037246038,3.1870780232380694e-08,chop,0.7774868678367334
EQTL3.SA,38.34000015258789,39.25,38.25,38.880001068115234,5080600.0,1.3883299651649277,2.421127473337187,0.6324506362831862,2.9348052186828566,0.8868689652147578,0.7914856365257407,0.6470588237133397,0.6732646856122765,76.03497417466527,-3.7364446873519483,-7.456947416271547,trend,False,stable,2.7294084548049813e-10,2.010039296663794e-05,0.02711206743031429,0.6697963803950312,0.30307145150874704,trend,0.6697963803950312
HAPV3.SA,13.390000343322754,14.430000305175781,13.369999885559082,13.9399995803833,11219800.0,1.3455048041575186,1.7393538721672008,0.6638098607687701,2.821928094887362,0.9749077134762025,0.5628822164170744,0.7333333334908301,0.7863949482111499,77.38051911620668,-1.9978574155683049,-2.721257108429981,trend,False,stable,1.1198204455316032e-10,1.0793367307012491e-05,0.019054062844102982,0.6160845278965971,0.3648506157800109,trend,0.6160845278965971
EZTC3.SA,15.5,15.59000015258789,14.960000038146973,15.109999656677246,1772200.0,1.4066635127805498,2.321127473337187,0.7188469048539228,2.2575424759098897,0.6888485814396417,0.6170379994211894,0.900000000044296,0.8176334020523444,74.94407547087327,-3.6987868798434675,-0.315783140652826,trend,False,stable,5.544769064589478e-10,3.282957200188382e-05,0.03560156187617592,0.7071229849322498,0.2572426230650955,trend,0.7071229849322498
LWSA3.SA,4.25,4.360000133514404,4.21999979019165,4.360000133514404,1983000.0,1.432150108522059,2.4086949695628417,0.579979596609865,3.4991908376603287,0.7446530974257444,0.8568817448786101,0.3684210529260675,0.4912692598188509,62.797548064266294,-4.908329563031742,-4.595047092682179,trend,False,stable,7.125144745001824e-07,0.0037165628715596036,0.3550678488613294,0.6213027651330469,0.01991211061958945,trend,0.6213027651330469
HYPE3.SA,23.579999923706055,24.15999984741211,23.559999465942383,23.809999465942383,3104500.0,1.4461477013197666,2.363865121950854,0.7249406690435993,2.596173847296373,0.5699805757897938,0.8825742228375872,0.8461538462586887,0.8249394954576202,76.81640891025312,3.1435786271053985,4.634576022264099,trend,False,stable,1.630636642097673e-10,1.4040021453329553e-05,0.02214116243363812,0.6395214816208796,0.33832331576096525,trend,0.6395214816208796
KLBN11.SA,19.15999984741211,19.239999771118164,18.760000228881836,18.760000228881836,7679700.0,1.4563528769767724,3.0086949695628418,0.5512148574168743,3.160559466273846,0.5640821236805293,0.19312672255985475,0.428571428933028,0.1972729868658031,36.410377235054014,4.599434180193274,8.04715738729115,chop,False,stable,0.024547904250991282,0.6537349087933619,0.3188680491102668,0.0028486717273755874,4.6611800423720195e-07,chop,0.6537349087933619
GGBR4.SA,19.489999771118164,19.969999313354492,19.299999237060547,19.860000610351562,7479800.0,1.4741586481298694,2.5841837197791886,0.5400469914521063,2.9348052186828566,0.64552767841124,0.7905223177604634,0.5000000003163998,0.34065440386473017,58.44197638155338,-0.6306383341003752,-2.7698708186473766,neutral,False,stable,6.484218682618294e-06,0.014154198970948648,0.5658938992315027,0.4143876464262288,0.005557771152637338,neutral,0.5658938992315027
MGLU3.SA,9.90999984741211,10.25,9.5600004196167,9.579999923706055,24620500.0,1.4194956198477275,2.665957320949175,0.8388642178236836,3.047682342478351,0.6995845922490952,0.5347722105420667,0.5000000003163997,0.9699759128509854,66.25636129595422,-0.8695391260734624,-5.842273560943013,trend,False,stable,1.0649769479741689e-07,0.0011094729037408801,0.2116972737655188,0.7398367541994947,0.04735639263355085,trend,0.7398367541994947
GOAU4.SA,11.300000190734863,11.579999923706055,11.15999984741211,11.529999732971191,5044100.0,1.4895196076171429,2.8464393446710154,0.5209648525439108,3.6120679614558235,0.5965555847016808,0.29786587737836945,0.2500000004152747,0.23326297472555002,36.25857398040253,-1.0932649847380134,3.1189510424455094,chop,False,stable,0.02553306049679322,0.6596364821077695,0.31212498316967063,0.002705044845106672,4.293806599842079e-07,chop,0.6596364821077695
MRVE3.SA,8.390000343322754,8.550000190734863,8.220000267028809,8.220000267028809,7790200.0,1.4078103734588827,2.4211274733371866,0.7532913337284433,3.160559466273846,0.7699227262641257,0.6665237182338888,0.5454545458206274,0.9481935815577596,72.36101002044187,2.4673855479378375,1.6426997323673334,trend,False,stable,2.838029271600642e-09,0.00010023892817632017,0.06484522931012927,0.7683192578937077,0.16673527102995733,trend,0.7683192578937077
MULT3.SA,28.809999465942383,29.270000457763672,28.790000915527344,28.790000915527344,3330000.0,1.4838143707321056,1.9833830982290137,0.5860491234283379,3.160559466273846,0.5969122289954818,0.9999999999999998,0.5882352943322293,0.49212540911068636,67.45575741038391,3.373981881437942,8.648845744975844,trend,False,stable,5.3611755320501976e-08,0.0007099287144461754,0.17218349953742904,0.7648748670608821,0.06223165107548739,trend,0.7648748670608821
RDOR3.SA,44.0099983215332,44.81999969482422,43.70000076293945,44.27000045776367,3220700.0,1.5708248578915929,2.5638651219508537,0.6429174625927926,2.596173847296373,0.13035692613475436,0.4229748047320233,0.6875000001730313,0.48304783786993416,41.333534664067685,0.4943472057413345,6.852387641731724,neutral,False,stable,0.005966976972925532,0.42536488872431266,0.5553809613344225,0.013281355742782176,5.817225557207264e-06,neutral,0.5553809613344225
ITSA4.SA,11.600000381469727,11.779999732971191,11.579999923706055,11.699999809265137,27026600.0,1.4357126019872004,1.9464393446710155,0.5873973390822282,3.6120679614558235,0.6324435006671648,1.0,0.15789473723475644,0.4600563649669518,57.121800750222896,1.8921449918495625,3.1493178701459783,neutral,False,stable,1.2137898783105596e-05,0.020347082989947834,0.6247163518251524,0.3513060776880908,0.003618349598025868,neutral,0.6247163518251524
PRIO3.SA,39.40999984741211,39.529998779296875,38.59000015258789,38.93000030517578,6171000.0,1.4555632540539665,2.6282129458410015,0.71191307829333,2.4832967235008785,0.7019469421375746,0.42714494731938013,0.8000000000885921,0.7855760199278813,67.44855234788416,-2.5436295274360816,-7.410721384046738,trend,False,stable,5.3835369428773624e-08,0.0007118632768528417,0.17240408566041202,0.7647519449306484,0.062132052296717345,trend,0.7647519449306484
RAIZ4.SA,0.8500000238418579,0.8600000143051147,0.8399999737739563,0.8600000143051147,10236700.0,1.5086394773384004,2.6219280948873624,0.6368872603182135,2.596173847296373,0.3897996956334948,0.4801016724373729,0.6800000001133977,0.7498120565873904,55.69277381452192,0.5457808805868183,0.13938709655659665,neutral,False,stable,2.3422153635942923e-05,0.029502700307150718,0.6806420595413153,0.28760595193039196,0.002225866067505989,neutral,0.6806420595413153
RECV3.SA,10.770000457763672,10.84000015258789,10.609999656677246,10.630000114440918,2281000.0,1.4131595385241644,3.1086949695628423,0.6527625017869504,3.3863137138648347,0.870052917431684,0.08942732975647971,0.4705882355700093,0.7496875195399869,55.09572704691248,-10.341270301489395,-11.10191162043602,neutral,False,stable,3.063150480069258e-05,0.0342408432420455,0.7010397483276539,0.26288324470646474,0.0018055322190352193,neutral,0.7010397483276539
LREN3.SA,13.949999809265137,14.34000015258789,13.9399995803833,14.079999923706055,14374900.0,1.5334659376103643,2.546439344671015,0.6250168494106854,3.3863137138648347,0.23732193768486254,0.5992896606234434,0.3125000003806684,0.6676928166308999,43.26825598826667,1.199192623699325,2.0560006708585945,neutral,False,stable,0.0031757794202431134,0.33335376604214384,0.6408884931956059,0.022567406653753078,1.4554688254252625e-05,neutral,0.6408884931956059
RAIL3.SA,15.550000190734863,16.010000228881836,15.529999732971191,15.739999771118164,4053300.0,1.5412769332989917,2.3261207468426806,0.5381239347644592,3.3863137138648347,0.32051165870653886,0.7383637403295461,0.20000000047249034,0.36442403780004945,40.36292403724807,-2.7032260284441207,-6.941683041299882,neutral,False,stable,0.008059279187952132,0.4731483280042066,0.5087688240405599,0.010019954393435731,3.614373845548736e-06,neutral,0.5087688240405599
SMFT3.SA,23.8700008392334,24.350000381469727,23.649999618530273,24.1299991607666,4125700.0,1.547305796906004,2.4477309221191605,0.5067780270222082,3.27343659006934,0.37590283975011607,0.7987084227531465,0.3571428575496568,0.28881548304770865,45.94967686102773,2.6996759550700986,4.075823462360596,neutral,False,stable,0.0012409145244110964,0.22269074153161003,0.7319552453649893,0.04406451209450151,4.858648448790542e-05,neutral,0.7319552453649893
PETR3.SA,33.5099983215332,33.5099983215332,32.810001373291016,32.880001068115234,11488400.0,1.4661859978902827,2.523219672335508,0.681647556558298,3.047682342478351,0.5499902292993684,0.4235966600837434,0.5652173914718184,0.6049415630190881,53.31888942825186,0.2869377527377921,1.1395948395727302,neutral,False,stable,6.667740872742823e-05,0.05224210622924469,0.7496951731626138,0.1970474521873858,0.0009485910120283291,neutral,0.7496951731626138
PCAR3.SA,3.9000000953674316,3.990000009536743,3.819999933242798,3.8399999141693115,6883600.0,1.5353269428398284,3.1709505944546685,0.7829801194868674,3.4991908376603287,0.2802178567848561,0.02917518288845955,0.23529411804556943,0.8807131073064893,32.6325303730262,2.2307188197895194,-0.7369177891719687,chop,False,stable,0.06102017389031449,0.7633453908404391,0.17490040160530643,0.0007339772486972716,5.64152428561445e-08,chop,0.7633453908404391
PETR4.SA,31.8799991607666,31.899999618530273,31.25,31.260000228881836,64927900.0,1.4503076128268761,2.2841837197791888,0.6874097161231629,3.27343659006934,0.6811443101412713,0.5672554388375737,0.26666666709978304,0.5735138271498105,52.75265849566827,-3.3867756535030367,-1.727259009337189,neutral,False,stable,8.490059767707366e-05,0.059397821654983085,0.7611186449570443,0.17863077240272565,0.0007678603875700262,neutral,0.7611186449570443
SANB11.SA,31.8799991607666,32.2400016784668,31.719999313354492,31.979999542236328,1684700.0,1.4296545278772854,2.723219672335508,0.7221651911474957,2.7090509710918678,0.5977234168516401,0.44244129699491863,0.7692307693880328,0.7155979167936843,62.53546250099667,-1.3791907232533234,-1.6128495532421567,trend,False,stable,8.187006805869279e-07,0.004052364305490255,0.3673786243116151,0.6100161854364718,0.018552007245742266,trend,0.6100161854364718
RADL3.SA,23.780000686645508,24.760000228881836,23.639999389648438,24.670000076293945,6517600.0,1.4089677870674306,2.865957320949175,0.6089652954909982,3.27343659006934,0.7399489727360874,0.24531756545170758,0.4375000003114561,0.5492512609002551,50.25393354416682,0.8907203028898962,1.315373966870716,neutral,False,stable,0.00023831353770033392,0.10115142199832287,0.7863526301282737,0.11196564010993393,0.00029199422576921605,neutral,0.7863526301282737
SLCE3.SA,17.399999618530273,17.459999084472656,17.049999237060547,17.25,2047600.0,1.506360525089899,2.9037016960573485,0.5579553214236199,3.047682342478351,0.46672035509375864,0.24014712441522168,0.6666666668072888,0.3815917852589033,44.30379113855359,-0.8791235294689983,-7.866965941697295,neutral,False,stable,0.0022285244753411228,0.28775169091885855,0.6805192785325007,0.029477120299363467,2.3385773936299478e-05,neutral,0.6805192785325007
RENT3.SA,46.0,47.70000076293945,45.75,46.75,6279500.0,1.423325797568082,2.6037016960573487,0.7734476956805271,2.7090509710918678,0.7397867132707002,0.7258673967533447,0.9285714286166283,0.9327062413040728,82.20869685845177,-1.551730131138541,-6.354205526313109,clean_trend,False,stable,3.907867209672857e-12,9.892784581094726e-07,0.004586901129754749,0.38953122642122284,0.6058808831666564,clean_trend,0.6058808831666564
TAEE11.SA,41.61000061035156,42.13999938964844,41.47999954223633,41.540000915527344,1689500.0,1.3905727945526967,2.7709505944546686,0.8302960535500391,2.9348052186828566,0.7523016262450831,0.46230927918990916,0.6428571430831427,0.9663988687993836,69.52618672016645,-7.043990544645894,-11.57108003793661,trend,True,deteriorating,1.5906591709734958e-08,0.0003186889858806346,0.1169442968765369,0.7859829266622005,0.09675407156879025,trend,0.7859829266622005
SUZB3.SA,51.279998779296875,51.70000076293945,48.90999984741211,49.470001220703125,21574100.0,1.4757822890039978,2.490468570732828,0.5500855916719171,2.821928094887362,0.5468599495647664,0.6043166307049445,0.7368421053858614,0.4484868322662201,58.90450353453755,9.259541806572607,6.357794871491095,neutral,True,improving,5.181535283269015e-06,0.01240682627286419,0.5441078788590039,0.4370502778777395,0.00642983545510915,neutral,0.5441078788590039
TIMS3.SA,23.739999771118164,24.0,23.290000915527344,23.43000030517578,4422100.0,1.5385325925145386,2.984183719779189,0.737311268720135,2.9348052186828566,0.24660243778626278,0.19199808429865928,0.500000000369133,0.8374902986011226,41.44783122230514,-6.151374752334576,-7.21342193779477,neutral,False,stable,0.005755411022161427,0.4197699000374701,0.5607487524200985,0.013719788311905703,6.148208364071635e-06,neutral,0.5607487524200985
SBSP3.SA,134.85000610351562,136.0399932861328,133.8000030517578,134.50999450683594,2375000.0,1.5122133185033868,2.8464393446710154,0.658087200113409,2.596173847296373,0.36013073332354617,0.3151581876774926,0.9285714286166286,0.616584948205577,54.22886137117096,0.08791562665913233,-0.02079345736110838,neutral,False,stable,4.4939348475333683e-05,0.04223844242238273,0.7271283711420312,0.22926426015567333,0.0013239869314374665,neutral,0.7271283711420312
TOTS3.SA,45.15999984741211,45.86000061035156,44.650001525878906,45.459999084472656,1737700.0,1.5300013443980303,2.363865121950854,0.6272124741592288,3.047682342478351,0.4018712102625628,0.8955822893863796,0.631578947540206,0.42715911691101865,58.77834956926189,0.9445193597206014,-2.8419054913447255,neutral,False,stable,5.509704529650811e-06,0.012863908920344334,0.5500975059542413,0.430852351686284,0.006180723734600827,neutral,0.5500975059542413
IRBR3.SA,52.11000061035156,52.619998931884766,51.77000045776367,52.369998931884766,508500.0,1.5841481091283687,2.1149798205164814,0.46257536942359184,2.7090509710918678,0.39625307315652936,0.6443498612295316,0.8181818182550346,0.08493319216037054,50.14954802501745,-3.060209126350358,-5.75222337576173,neutral,False,stable,0.00024851980389640555,0.10330407898486559,0.7864950801715441,0.10967221704155798,0.0002801039981359682,neutral,0.7864950801715441
UGPA3.SA,20.760000228881836,21.389999389648438,20.690000534057617,21.079999923706055,5442200.0,1.5773011926034939,2.765957320949175,0.5001695802853382,2.9348052186828566,0.30275612330680124,0.4225680848433959,0.6875000001730311,0.35852427219142574,44.00487126844323,-9.131312560670303,-12.60650768186639,neutral,False,stable,0.0024712933962930802,0.30058059154014516,0.6696064576623003,0.027321239869138578,2.041753212282667e-05,neutral,0.6696064576623003
VBBR3.SA,24.729999542236328,25.149999618530273,24.56999969482422,25.059999465942383,6103900.0,1.3765361574388664,2.3332062193464953,0.6602551393867572,2.821928094887362,0.8604584212309967,0.9247298325330061,0.7000000001328879,0.7432671597738444,81.29734164905415,-1.5704895952045348,-2.9491011866297328,clean_trend,False,stable,7.502277368208269e-12,1.5827508783459393e-06,0.006115811374173032,0.4328303180519848,0.5610522878154616,clean_trend,0.5610522878154616
USIM5.SA,6.110000133514404,6.190000057220459,5.949999809265137,5.980000019073486,16631400.0,1.4592159477664146,2.7037016960573483,0.5906571251415963,3.27343659006934,0.6353308524807952,0.4345131822808068,0.47368421077172285,0.3760785945911849,49.28643229256079,-5.455120734021413,-17.595267451415303,neutral,False,stable,0.00035025938588689677,0.12251153172276587,0.7848492181779754,0.09209107924196842,0.00019791147140344628,neutral,0.7848492181779754
YDUQ3.SA,12.470000267028809,12.649999618530273,12.350000381469727,12.40999984741211,1696900.0,1.5542947207630404,2.2709505944546686,0.5831188009594929,2.821928094887362,0.3079725720436832,0.9503200798732236,0.7857142858498855,0.472725281117929,62.09454192674681,-3.947016150479392,-4.617684173966616,trend,False,stable,1.0324832836858325e-06,0.004679166341735872,0.3883971300789661,0.5904805711074267,0.01644209998858763,trend,0.5904805711074267
VALE3.SA,70.73999786376953,72.37000274658203,70.47000122070312,72.0,25687700.0,1.4079756680234385,2.5709505944546684,0.6084145867288318,3.9506993328423072,0.6624095782544055,0.6892210023196284,0.11764705928334918,0.7124147693893744,54.2922842754941,-6.742492051215294,-7.260134852349104,neutral,False,stable,4.370753030342623e-05,0.041605067781963136,0.7253678000486509,0.23162870767918742,0.0013547169598952156,neutral,0.7253678000486509
WEGE3.SA,48.59000015258789,48.779998779296875,48.11000061035156,48.54999923706055,5154200.0,1.3939890879748875,2.8332062193464953,0.5201193862018095,3.160559466273846,0.807464138853132,0.2630949472767593,0.761904762005206,0.23404733712155737,54.52986364007424,-3.4300449824587886,-4.074972718836555,neutral,False,stable,3.9372244016212274e-05,0.03930212349982124,0.7185614868209084,0.24062122257266408,0.0014757948625900923,neutral,0.7185614868209084
VIVT3.SA,34.08000183105469,34.470001220703125,33.27000045776367,33.279998779296875,3154900.0,1.5493567113583433,2.633206219346495,0.7221607592418247,2.821928094887362,0.20268519844346,0.3892335796438261,0.6875000001730311,0.8046061076187723,49.091017601100674,2.7582857276529325,0.5868917393381494,neutral,False,stable,0.00037821924920730416,0.1272205625446453,0.7837779970998201,0.08844044021273859,0.00018278089358891235,neutral,0.7837779970998201
ITUB4.SA,39.400001525878906,39.7599983215332,39.220001220703125,39.40999984741211,20655600.0,1.4594329836556803,2.165957320949175,0.5961410215298993,3.27343659006934,0.5401224130756124,1.0,0.26666666709978304,0.4070899629293459,56.012138328349856,5.698422973430425,9.68384294978874,neutral,False,stable,2.0259874847307936e-05,0.027202658518050916,0.6689721124477142,0.3013191612897287,0.002485807869659042,neutral,0.6689721124477142
