ticker,regime,return,win,reason,days_held,hurst_entrada,entropy_entrada,halflife_entrada,sinal_tipo,phase,window
AURE3.SA,SIDEWAYS_CALM,-0.0053782664857328286,0,TIME_STOP,14,0.5,0.2801782088190489,1.6293208727344997,PRICE,TRAIN,2021-12
AURE3.SA,SIDEWAYS_CALM,-0.0012,0,END_CLOSED,0,0.5,0.6404918543175048,1.811079077670569,PRICE,TRAIN,2021-12
AURE3.SA,SIDEWAYS_CALM,-0.005278851280265194,0,TIME_STOP,42,0.5,0.5719334875186988,3.370265057290759,PRICE,TEST,2021-12
BRKM5.SA,BEAR_VOLATILE,-0.05410170377512715,0,HARD_STOP,2,0.5,0.8827774723870938,12.086846173601737,PRICE,TEST,2021-12
BRKM5.SA,BEAR_VOLATILE,-0.06262921863587192,0,HARD_STOP,7,0.5,1.308917510403797,20.728461068594978,PRICE,TEST,2021-12
BRKM5.SA,BEAR_CALM,-0.05338854205274215,0,HARD_STOP,5,0.5,0.6712521613571705,22.10745201780812,PRICE,TEST,2021-12
CPLE6.SA,BULL_CALM,0.00880000000000001,1,STOP_TECNICO,42,0.5,0.2870543473048066,3.615530040053668,PRICE,TRAIN,2021-12
CPLE6.SA,BULL_VOLATILE,-0.008446353558846618,0,TIME_STOP,15,0.5,0.816939441699446,6.480633539886135,PRICE,TRAIN,2021-12
CPLE6.SA,SIDEWAYS_CALM,-0.008477996235662831,0,TIME_STOP,14,0.5,0.68305295871007,7.680162344524728,PRICE,TRAIN,2021-12
CPLE6.SA,SIDEWAYS_CALM,-0.002651264483546599,0,TIME_STOP,38,0.5,0.2937896784776459,7.026780712430571,PRICE,TRAIN,2021-12
CSNA3.SA,SIDEWAYS_VOLATILE,-0.003137893329313822,0,TIME_STOP,19,0.5,0.8316138535984189,4.022363166242946,PRICE,TRAIN,2021-12
ENGI11.SA,BULL_VOLATILE,-0.005191609706640142,0,TIME_STOP,11,0.5,1.992137624126468,24.04183648964873,PRICE,TRAIN,2021-12
ENGI11.SA,BULL_CALM,-0.05247659818380181,0,HARD_STOP,8,0.5,1.595024568037328,20.999914568084503,PRICE,TRAIN,2021-12
ENGI11.SA,SIDEWAYS_CALM,-0.027685680455069382,0,TIME_STOP,11,0.5,0.4954386228280678,14.25586549605248,PRICE,TRAIN,2021-12
ENGI11.SA,SIDEWAYS_CALM,-0.05973327707933331,0,HARD_STOP,6,0.5,0.6990431582700831,15.060558967496268,PRICE,TRAIN,2021-12
EQTL3.SA,BULL_CALM,-0.004844959784359414,0,TIME_STOP,20,0.5,1.1185240773987628,18.56874150306301,PRICE,TRAIN,2021-12
EQTL3.SA,SIDEWAYS_CALM,-0.0016135476446781582,0,TIME_STOP,17,0.5,0.33960981938733453,9.15053107408741,PRICE,TRAIN,2021-12
EQTL3.SA,BULL_VOLATILE,-0.00014821980420434027,0,SIGNAL,1,0.5,0.5805592043132093,19.558178187026975,PRICE,TRAIN,2021-12
EQTL3.SA,BULL_VOLATILE,-0.05147924614763035,0,HARD_STOP,4,0.5,0.2502306724845383,10.963311841202922,PRICE,TRAIN,2021-12
HYPE3.SA,BULL_CALM,0.2826206698182493,1,SIGNAL,128,0.5,0.7020444864149155,13.159295804907375,PRICE,TRAIN,2021-12
HYPE3.SA,BULL_CALM,0.01568404413779021,1,SIGNAL,3,0.5,0.9253401032289441,9.550752347273502,PRICE,TRAIN,2021-12
HYPE3.SA,BULL_VOLATILE,-0.00768784106770317,0,TIME_STOP,11,0.5,0.9226651610017763,6.965177491554415,PRICE,TRAIN,2021-12
HYPE3.SA,BULL_VOLATILE,0.006381062994463262,1,END_CLOSED,2,0.5,1.1368973707751904,6.706256392519532,PRICE,TRAIN,2021-12
IRBR3.SA,BEAR_CALM,0.00880000000000001,1,STOP_TECNICO,40,0.5,0.7474805232375503,15.151376156371464,PRICE,TEST,2021-12
MGLU3.SA,BEAR_CALM,-0.05594451379608325,0,HARD_STOP,4,0.5,0.6724794510969496,24.25581661371649,PRICE,TEST,2021-12
MGLU3.SA,BEAR_CALM,0.00880000000000001,1,STOP_TECNICO,3,0.5,0.9804461212219968,12.091180566979652,PRICE,TEST,2021-12
RECV3.SA,BULL_CALM,0.1767142452092144,1,SIGNAL,8,0.5,0.3088996230403967,6.469531717297315,PRICE,TRAIN,2021-12
WEGE3.SA,SIDEWAYS_CALM,-0.051200000000000044,0,HARD_STOP,8,0.5,0.4427910257165426,5.9710437936864516,PRICE,TRAIN,2021-12
WEGE3.SA,BULL_VOLATILE,-8.072791945781138e-05,0,STOP_TECNICO,21,0.5,1.529769874267453,2.988559106950833,PRICE,TRAIN,2021-12
WEGE3.SA,BULL_CALM,-0.0028100718063664085,0,END_CLOSED,1,0.5,1.8463319787834331,16.717324851843998,PRICE,TRAIN,2021-12
ABEV3.SA,BEAR_VOLATILE,0.13094547027655076,1,BEAR_OPTIMIZED,14,0.5,1.4978740693488928,12.503163815928554,PRICE,TRAIN,2022-03
ABEV3.SA,SIDEWAYS_VOLATILE,-0.009110413382375303,0,TIME_STOP,13,0.5,0.8979315375837326,5.249525722096741,PRICE,TRAIN,2022-03
ALOS3.SA,SIDEWAYS_CALM,0.00880000000000001,1,STOP_TECNICO,17,0.5,0.34923266706227296,7.483596365940535,PRICE,TRAIN,2022-03
AURE3.SA,SIDEWAYS_CALM,-0.0053782664857328286,0,TIME_STOP,14,0.5,0.2801782088190489,1.6293208727344997,PRICE,TRAIN,2022-03
AURE3.SA,SIDEWAYS_CALM,-0.012326434196792267,0,TIME_STOP,26,0.5,0.6404918543175048,1.811079077670569,PRICE,TRAIN,2022-03
AURE3.SA,SIDEWAYS_CALM,0.05737730638804415,1,SIGNAL,16,0.5,0.6334135723381953,2.6847989039248557,PRICE,TRAIN,2022-03
AURE3.SA,BULL_CALM,0.015680430537175917,1,SIGNAL,6,0.5,0.9245650241307772,4.967313627875362,PRICE,TRAIN,2022-03
AURE3.SA,BULL_CALM,0.00214226785900027,1,SIGNAL,1,0.5,0.2942316154518985,5.679256489135437,PRICE,TRAIN,2022-03
AURE3.SA,BULL_CALM,-0.012556054062582887,0,TIME_STOP,11,0.5,0.8585876002062859,5.647674829728331,PRICE,TRAIN,2022-03
ASAI3.SA,BULL_VOLATILE,0.10734827893202423,1,SIGNAL,28,0.5,0.38647452817628425,8.452841754755095,PRICE,TRAIN,2022-03
B3SA3.SA,BULL_CALM,-0.008554403656615882,0,STOP_TECNICO,36,0.5,0.8780223565753195,17.240202764307618,PRICE,TRAIN,2022-03
BBAS3.SA,BULL_CALM,0.02712921427143531,1,SIGNAL,12,0.5,2.1949328850547802,7.731065955496989,PRICE,TRAIN,2022-03
BBDC3.SA,SIDEWAYS_CALM,0.00880000000000001,1,STOP_TECNICO,22,0.5,0.23748220038490464,7.587463717227415,PRICE,TRAIN,2022-03
BBDC3.SA,SIDEWAYS_CALM,-0.0004670498817006751,0,SIGNAL,5,0.5,0.5102305633204732,4.387768543122938,PRICE,TRAIN,2022-03
BBSE3.SA,BULL_VOLATILE,0.008893265422784326,1,SIGNAL,13,0.5,1.7398105840825364,21.779165742146464,PRICE,TRAIN,2022-03
BBDC4.SA,SIDEWAYS_CALM,0.0009883412807990333,1,SIGNAL,11,0.5,1.0181555583215482,4.622093641958024,PRICE,TRAIN,2022-03
BEEF3.SA,BULL_CALM,-0.009129540564778237,0,TIME_STOP,14,0.5,1.136638260995647,6.558542268661088,PRICE,TRAIN,2022-03
BPAC11.SA,BULL_CALM,-0.05759992204857425,0,HARD_STOP,5,0.5,1.1842314539300602,16.7204053659131,PRICE,TRAIN,2022-03
BPAC11.SA,BULL_CALM,0.00880000000000001,1,STOP_TECNICO,15,0.5,1.4303213911770383,18.97001242313954,PRICE,TRAIN,2022-03
BPAC11.SA,BULL_CALM,-0.016410550216756213,0,TIME_STOP,11,0.5,0.5097238825150859,8.008068257734426,PRICE,TRAIN,2022-03
BRKM5.SA,BEAR_VOLATILE,-0.017950027041513404,0,TIME_STOP,12,0.5,0.8950856720958105,14.468267610599161,PRICE,TRAIN,2022-03
BRKM5.SA,BEAR_CALM,-0.06408069268973329,0,HARD_STOP,7,0.5,1.3726533617651093,6.542474973460302,PRICE,TRAIN,2022-03
BRKM5.SA,BEAR_VOLATILE,-0.003893924488106569,0,STOP_TECNICO,28,-1.5729653588653663,1.0346222402991576,17.839118683523342,PRICE,TEST,2022-03
CMIN3.SA,BULL_CALM,0.037088116559663355,1,END_CLOSED,8,-0.6099250460856734,0.6563272143499138,4.886140976789139,PRICE,TEST,2022-03
COGN3.SA,BEAR_CALM,0.2309428844728064,1,BEAR_OPTIMIZED,2,0.5,0.20890528747665268,7.442579111227073,PRICE,TRAIN,2022-03
CSAN3.SA,SIDEWAYS_CALM,0.00880000000000001,1,STOP_TECNICO,36,0.5,0.563236079158634,5.679615136293741,PRICE,TRAIN,2022-03
CPLE6.SA,BULL_VOLATILE,-0.051200000000000044,0,HARD_STOP,7,0.5,0.2667223354070834,6.895937790171183,PRICE,TRAIN,2022-03
CPLE6.SA,SIDEWAYS_CALM,-0.019407421431632675,0,TIME_STOP,11,0.5,1.163525903841039,3.0504091480226143,PRICE,TRAIN,2022-03
CYRE3.SA,SIDEWAYS_VOLATILE,0.00880000000000001,1,STOP_TECNICO,34,0.5,0.8035402208845418,8.22479451243456,PRICE,TRAIN,2022-03
DIRR3.SA,BEAR_CALM,0.07532638278409762,1,BEAR_OPTIMIZED,5,0.5,0.6611393819950557,10.26126824266787,PRICE,TRAIN,2022-03
DIRR3.SA,SIDEWAYS_CALM,-0.05268813809527497,0,HARD_STOP,6,0.5,1.1911323027100473,10.459050784889106,PRICE,TRAIN,2022-03
DIRR3.SA,BEAR_CALM,-0.017593245694141134,0,TIME_STOP,14,0.5,0.2340014946809108,7.238907870489926,PRICE,TRAIN,2022-03
CXSE3.SA,BEAR_VOLATILE,-0.05119999999999993,0,HARD_STOP,5,0.5,1.8236921735785478,7.823165053695632,PRICE,TRAIN,2022-03
CXSE3.SA,SIDEWAYS_CALM,-0.012162299661641195,0,STOP_TECNICO,15,0.5,1.1479823814977606,8.328214886828125,PRICE,TRAIN,2022-03
CXSE3.SA,SIDEWAYS_CALM,-0.002403092413173845,0,SIGNAL,1,0.5,0.7696891591045288,6.413789821485119,PRICE,TRAIN,2022-03
ECOR3.SA,BEAR_CALM,-0.012644846952535892,0,STOP_TECNICO,44,0.5,0.6427466038001237,5.5836528360674835,PRICE,TRAIN,2022-03
ELET3.SA,BULL_CALM,-0.051200000000000044,0,HARD_STOP,1,0.5,0.7148158716031695,4.370096289066515,PRICE,TRAIN,2022-03
ELET3.SA,BULL_CALM,0.20245087385049962,1,SIGNAL,33,0.5,0.8419101463502008,4.817698161714985,PRICE,TRAIN,2022-03
ELET6.SA,BULL_CALM,0.21765822865017412,1,SIGNAL,30,0.5,0.34184987797436234,5.577116555021346,PRICE,TRAIN,2022-03
ENEV3.SA,SIDEWAYS_CALM,-0.07895213600291665,0,HARD_STOP,2,0.5,1.3016862472577162,6.32149020865358,PRICE,TRAIN,2022-03
ENGI11.SA,BULL_CALM,-0.05247659818380181,0,HARD_STOP,8,0.5,1.595024568037328,20.999914568084503,PRICE,TRAIN,2022-03
EQTL3.SA,BULL_CALM,-0.05579580384115281,0,HARD_STOP,9,0.5,0.26475666285503263,22.33132097998216,PRICE,TRAIN,2022-03
EQTL3.SA,BULL_VOLATILE,-0.05147924614763035,0,HARD_STOP,4,0.5,0.2502306724845383,10.963311841202922,PRICE,TRAIN,2022-03
EQTL3.SA,BULL_CALM,-0.003423115654676588,0,TIME_STOP,17,0.5,0.7073886681854533,6.6317751471538084,PRICE,TRAIN,2022-03
EQTL3.SA,SIDEWAYS_CALM,-0.03307861318606722,0,TIME_STOP,13,0.5,0.22019478784298901,3.2262101383212096,PRICE,TRAIN,2022-03
EQTL3.SA,SIDEWAYS_CALM,-0.0012,0,END_CLOSED,0,0.5,1.8947885651585346,5.184670997611048,PRICE,TRAIN,2022-03
FLRY3.SA,BEAR_CALM,-0.009234715004191728,0,TIME_STOP,12,0.5,0.40510936646257034,7.1346466790098795,PRICE,TRAIN,2022-03
EZTC3.SA,BEAR_VOLATILE,0.22850332950129135,1,BEAR_OPTIMIZED,9,0.5,0.4947480998052209,11.697306852314064,PRICE,TRAIN,2022-03
EZTC3.SA,BULL_VOLATILE,-0.07748881633802365,0,HARD_STOP,9,0.5,0.5027551566631051,7.606628915879555,PRICE,TRAIN,2022-03
HAPV3.SA,BULL_CALM,-0.06252461263095047,0,HARD_STOP,2,0.5,0.8333928948695628,12.772521967079927,PRICE,TRAIN,2022-03
HYPE3.SA,BULL_CALM,0.005300208818794651,1,STOP_TECNICO,26,0.5,0.8372254054415081,13.996760017999407,PRICE,TRAIN,2022-03
HYPE3.SA,BULL_VOLATILE,-0.02301820240174115,0,TIME_STOP,14,0.5,0.2326476735696477,4.240844773251259,PRICE,TRAIN,2022-03
HYPE3.SA,BULL_CALM,0.14127587385779602,1,END_CLOSED,246,0.5,0.8876140070043214,4.506878150005452,PRICE,TRAIN,2022-03
IGTI11.SA,SIDEWAYS_CALM,0.1565510947229237,1,SIGNAL,33,0.5,1.47143086915423,6.702281670945697,PRICE,TRAIN,2022-03
ITSA4.SA,BULL_CALM,-0.013462309387134129,0,TIME_STOP,15,0.5,0.7545797113639283,16.572790273427913,PRICE,TRAIN,2022-03
IRBR3.SA,BEAR_CALM,-0.06021641090533727,0,HARD_STOP,5,0.5,0.6449576719801106,16.50705820300537,PRICE,TRAIN,2022-03
IRBR3.SA,BEAR_CALM,0.005488953611145188,1,STOP_TECNICO,29,0.5,1.434569402313407,9.840504181147196,PRICE,TRAIN,2022-03
ITUB4.SA,BULL_VOLATILE,-0.04415816409888287,0,TIME_STOP,13,0.5,0.33844411539780817,9.420208072495154,PRICE,TRAIN,2022-03
LREN3.SA,BULL_VOLATILE,-0.051200000000000044,0,HARD_STOP,13,0.5,0.37963779885295695,7.686522803152942,PRICE,TRAIN,2022-03
LREN3.SA,BULL_CALM,-0.054548492244043144,0,HARD_STOP,4,0.5,1.0225614180074594,6.786168359359383,PRICE,TRAIN,2022-03
LWSA3.SA,BEAR_CALM,0.00880000000000001,1,STOP_TECNICO,7,0.5,1.217736598187002,6.196348674535212,PRICE,TRAIN,2022-03
LWSA3.SA,BEAR_CALM,-0.05849167043160033,0,HARD_STOP,9,0.5,0.6626777368844298,3.2968304450342742,PRICE,TRAIN,2022-03
MGLU3.SA,SIDEWAYS_CALM,-0.051200000000000044,0,HARD_STOP,1,0.5,0.3556772364207691,1.6245910998902164,PRICE,TRAIN,2022-03
MGLU3.SA,BEAR_VOLATILE,0.2036193110850749,1,BEAR_OPTIMIZED,7,0.5,1.0156965322243423,3.5659991058973883,PRICE,TRAIN,2022-03
MGLU3.SA,BULL_VOLATILE,-0.051200000000000044,0,HARD_STOP,7,0.5,0.2700707770294883,3.374495391857944,PRICE,TRAIN,2022-03
MULT3.SA,SIDEWAYS_CALM,0.201238997119613,1,SIGNAL,43,0.5,0.3541749112690144,20.413630151036365,PRICE,TRAIN,2022-03
PETR3.SA,SIDEWAYS_CALM,-0.09923212368770343,0,HARD_STOP,1,0.5,1.3923784063230078,12.472116218918286,PRICE,TRAIN,2022-03
PCAR3.SA,BULL_CALM,0.00880000000000001,1,STOP_TECNICO,41,0.5,0.5743717593390316,10.157818467921286,PRICE,TRAIN,2022-03
RADL3.SA,SIDEWAYS_CALM,-0.004902451389991479,0,TIME_STOP,30,0.5,0.8098128393991051,6.045581984561414,PRICE,TRAIN,2022-03
RAIL3.SA,BULL_CALM,0.09356738666851303,1,SIGNAL,30,0.5,0.4258432127136688,3.615866899744318,PRICE,TRAIN,2022-03
RAIZ4.SA,BULL_VOLATILE,0.10124127326242491,1,SIGNAL,47,0.5,1.797339302935747,3.5661564582623217,PRICE,TRAIN,2022-03
RECV3.SA,BULL_CALM,-0.008565940226043643,0,TIME_STOP,25,0.5,0.34928071186637255,8.392316226493291,PRICE,TRAIN,2022-03
RENT3.SA,BULL_CALM,0.00880000000000001,1,STOP_TECNICO,16,0.5,0.6356976430095116,7.479404009144323,PRICE,TRAIN,2022-03
RENT3.SA,BULL_CALM,-0.03239568200530598,0,TIME_STOP,11,0.5,1.6967287593027425,4.588412292477362,PRICE,TRAIN,2022-03
SANB11.SA,BULL_VOLATILE,-0.006835504223304166,0,TIME_STOP,12,0.5,1.7368478891286285,16.593382301400098,PRICE,TRAIN,2022-03
SUZB3.SA,BULL_VOLATILE,-0.051200000000000044,0,HARD_STOP,4,0.5,0.32505601399522044,4.919731109092339,PRICE,TRAIN,2022-03
TOTS3.SA,BULL_CALM,-0.051200000000000044,0,HARD_STOP,11,0.5,0.5209174734074062,24.39940266340806,PRICE,TRAIN,2022-03
TIMS3.SA,SIDEWAYS_VOLATILE,0.08096739642716297,1,SIGNAL,45,0.5,1.412307407378536,5.672931515190699,PRICE,TRAIN,2022-03
UGPA3.SA,BULL_VOLATILE,-0.026962585411539862,0,TIME_STOP,11,0.5,2.0459275562504518,7.101019726925591,PRICE,TRAIN,2022-03
UGPA3.SA,BULL_CALM,-0.025377368861125203,0,SIGNAL,1,0.5,0.24574442833615756,5.281234689302084,PRICE,TRAIN,2022-03
USIM5.SA,BEAR_CALM,-0.051200000000000044,0,HARD_STOP,10,0.5,1.9397809169118474,6.053418636950797,PRICE,TRAIN,2022-03
VIVT3.SA,SIDEWAYS_CALM,0.07976419962264245,1,SIGNAL,45,0.5,0.6065427254518742,6.306277677469915,PRICE,TRAIN,2022-03
VBBR3.SA,SIDEWAYS_CALM,0.00880000000000001,1,STOP_TECNICO,28,0.5,0.6011915157113389,12.987313488410475,PRICE,TRAIN,2022-03
WEGE3.SA,SIDEWAYS_CALM,0.3194557828380601,1,SIGNAL,64,0.5,0.803246289333709,15.796629106396173,PRICE,TRAIN,2022-03
WEGE3.SA,BULL_CALM,0.030893988923447725,1,SIGNAL,14,0.5,1.8463319787834331,16.717324851843998,PRICE,TRAIN,2022-03
WEGE3.SA,BULL_CALM,-0.003071599201051621,0,TIME_STOP,16,0.5,0.31552943628866675,6.852951222139575,PRICE,TRAIN,2022-03
WEGE3.SA,BULL_CALM,0.04463347739106314,1,END_CLOSED,14,0.5,0.4139738574630448,1.427573492876873,PRICE,TRAIN,2022-03
YDUQ3.SA,BEAR_VOLATILE,0.0014595601815384563,1,STOP_TECNICO,20,0.5,0.5748079405111169,7.954307360624595,PRICE,TRAIN,2022-03
ABEV3.SA,BEAR_VOLATILE,0.12258098502261436,1,BEAR_OPTIMIZED,34,0.5,1.182661818733573,21.40416408544403,PRICE,TRAIN,2022-06
AURE3.SA,BEAR_CALM,-0.009068400100398354,0,BEAR_OPTIMIZED,1,0.5,0.6378782530299579,2.844683293907733,PRICE,TRAIN,2022-06
AURE3.SA,SIDEWAYS_CALM,0.00880000000000001,1,STOP_TECNICO,2,0.5,0.9440346611066315,2.609548868759995,PRICE,TRAIN,2022-06
AURE3.SA,SIDEWAYS_CALM,-0.0053782664857328286,0,TIME_STOP,14,0.5,0.2801782088190489,1.6293208727344997,PRICE,TRAIN,2022-06
AURE3.SA,SIDEWAYS_CALM,-0.012326434196792267,0,TIME_STOP,26,0.5,0.6404918543175048,1.811079077670569,PRICE,TRAIN,2022-06
AURE3.SA,SIDEWAYS_CALM,-0.005384178217922607,0,TIME_STOP,73,0.5,0.6334135723381953,2.6847989039248557,PRICE,TRAIN,2022-06
AURE3.SA,SIDEWAYS_CALM,0.04921442706483057,1,SIGNAL,10,0.5,0.2796546605693717,3.3461768358387958,PRICE,TRAIN,2022-06
BBDC4.SA,SIDEWAYS_CALM,-0.051200000000000044,0,HARD_STOP,8,0.5,1.1607238269671865,9.864737430834209,PRICE,TRAIN,2022-06
BBDC3.SA,SIDEWAYS_CALM,-0.051200000000000044,0,HARD_STOP,8,0.5,1.4993182681580945,10.909988238402855,PRICE,TRAIN,2022-06
BBAS3.SA,BULL_CALM,-0.0009117178642269674,0,SIGNAL,1,0.5,0.9615478969623228,8.907843059640046,PRICE,TRAIN,2022-06
BBSE3.SA,BULL_CALM,0.08717591559286805,1,SIGNAL,27,0.5,0.3416818384090831,3.2414222858581874,PRICE,TRAIN,2022-06
CMIN3.SA,BEAR_CALM,0.003915173426922804,1,BEAR_OPTIMIZED,1,0.5,0.39550907092150867,19.292689665397937,PRICE,TRAIN,2022-06
CMIN3.SA,BULL_CALM,-0.051200000000000155,0,HARD_STOP,8,0.5,0.6338848638628707,9.351039574012896,PRICE,TRAIN,2022-06
CMIN3.SA,BULL_CALM,0.08451425636855533,1,SIGNAL,15,-0.0863689841670177,0.5756187765006393,6.109469203056141,PRICE,TRAIN,2022-06
CMIN3.SA,BULL_CALM,-0.06687820943317771,0,HARD_STOP,10,-0.4467317292337383,0.7423612332627301,3.498642660524665,PRICE,TRAIN,2022-06
CMIN3.SA,BULL_CALM,-0.051200000000000044,0,HARD_STOP,2,0.19054828895360665,0.9565516556537569,2.796691837712745,PRICE,TRAIN,2022-06
CMIN3.SA,BULL_CALM,0.06229224877553428,1,SIGNAL,5,-1.5096809508371283,1.5921727787717177,2.7513630577566612,PRICE,TRAIN,2022-06
CMIN3.SA,BULL_VOLATILE,0.01871127602663334,1,END_CLOSED,14,-0.3818579549804617,0.9213360542658939,4.725966457074183,PRICE,TRAIN,2022-06
CPLE6.SA,SIDEWAYS_CALM,-0.019407421431632675,0,TIME_STOP,11,0.5,1.163525903841039,3.0504091480226143,PRICE,TRAIN,2022-06
CSNA3.SA,SIDEWAYS_VOLATILE,-0.008267068286422007,0,STOP_TECNICO,34,0.5,0.21789581476284114,10.432253825125985,PRICE,TRAIN,2022-06
CYRE3.SA,BEAR_CALM,-0.053127516333732604,0,HARD_STOP,4,0.5,0.8568044900318266,20.691323048287938,PRICE,TRAIN,2022-06
CYRE3.SA,BEAR_CALM,-0.014282630213044233,0,TIME_STOP,13,0.5,0.8089675073907993,19.250386402055145,PRICE,TRAIN,2022-06
DIRR3.SA,BEAR_CALM,0.1717833498677784,1,BEAR_OPTIMIZED,14,0.5,0.8017305306247546,7.264753739298255,PRICE,TRAIN,2022-06
DIRR3.SA,BULL_VOLATILE,-0.051200000000000044,0,HARD_STOP,3,0.5,0.9376474516558199,7.298082265216522,PRICE,TRAIN,2022-06
ELET3.SA,BULL_CALM,-0.051200000000000155,0,HARD_STOP,1,0.5,0.2500519512577367,8.772660882754062,PRICE,TRAIN,2022-06
ELET3.SA,BULL_CALM,-0.007944586018428089,0,TIME_STOP,14,0.5,0.5215604129833774,5.498075599033677,PRICE,TRAIN,2022-06
ELET6.SA,BULL_CALM,-0.06708238098433131,0,HARD_STOP,1,0.5,0.4790470043841624,9.154098803101888,PRICE,TRAIN,2022-06
EMBR3.SA,BEAR_CALM,-0.051200000000000044,0,HARD_STOP,8,0.5,0.5004804470538313,10.13214984934883,PRICE,TRAIN,2022-06
EQTL3.SA,BULL_CALM,-0.05579580384115281,0,HARD_STOP,9,0.5,0.26475666285503263,22.33132097998216,PRICE,TRAIN,2022-06
EQTL3.SA,BULL_VOLATILE,-0.05147924614763035,0,HARD_STOP,4,0.5,0.2502306724845383,10.963311841202922,PRICE,TRAIN,2022-06
EQTL3.SA,BULL_CALM,-0.003423115654676588,0,TIME_STOP,17,0.5,0.7073886681854533,6.6317751471538084,PRICE,TRAIN,2022-06
EQTL3.SA,SIDEWAYS_CALM,-0.03307861318606722,0,TIME_STOP,13,0.5,0.22019478784298901,3.2262101383212096,PRICE,TRAIN,2022-06
EQTL3.SA,SIDEWAYS_CALM,-0.034213383752253156,0,TIME_STOP,12,0.5,1.8947885651585346,5.184670997611048,PRICE,TRAIN,2022-06
EQTL3.SA,BULL_CALM,-0.03032319360245763,0,TIME_STOP,11,0.996063881732014,1.737190448168605,21.4700746605975,PRICE,TEST,2022-06
FLRY3.SA,BEAR_CALM,-0.053584328528137236,0,HARD_STOP,5,0.5,0.26508747505147645,6.140027962299394,PRICE,TRAIN,2022-06
HAPV3.SA,BEAR_CALM,-0.06561223727015278,0,HARD_STOP,10,0.5,1.100707753372139,17.636552002331307,PRICE,TRAIN,2022-06
GOAU4.SA,SIDEWAYS_CALM,-0.05119999999999993,0,HARD_STOP,10,0.44966719925245663,0.7171534838029703,9.987898688336019,PRICE,TRAIN,2022-06
HYPE3.SA,BULL_CALM,-0.05942212159859297,0,HARD_STOP,9,0.5,0.2069317343170921,13.723533831745886,PRICE,TRAIN,2022-06
HYPE3.SA,BULL_VOLATILE,-0.051200000000000044,0,HARD_STOP,2,0.5,1.0248878069821217,6.539728030740651,PRICE,TRAIN,2022-06
HYPE3.SA,BULL_VOLATILE,-0.05119999999999993,0,HARD_STOP,8,0.5,0.9982841606017857,6.824634957266457,PRICE,TRAIN,2022-06
HYPE3.SA,BULL_CALM,-0.02933900739459052,0,TIME_STOP,15,0.5,1.087113946812274,8.575579519941245,PRICE,TRAIN,2022-06
IGTI11.SA,BEAR_VOLATILE,-0.010561225417932939,0,TIME_STOP,15,0.5,1.010536259221049,4.928053667285949,PRICE,TRAIN,2022-06
IGTI11.SA,SIDEWAYS_CALM,-0.05119999999999993,0,HARD_STOP,3,0.5,0.3253038447280887,9.66953004684596,PRICE,TRAIN,2022-06
IRBR3.SA,BEAR_CALM,-0.07784228881677971,0,HARD_STOP,7,0.5,0.38453062727301135,16.33158225315827,PRICE,TRAIN,2022-06
ITSA4.SA,BEAR_VOLATILE,-0.0641210794114743,0,HARD_STOP,10,0.5,0.7917688717116975,23.667979123671294,PRICE,TRAIN,2022-06
ITSA4.SA,BEAR_CALM,-0.007020821714583979,0,TIME_STOP,13,0.5,0.2627508553864162,10.015323406011678,PRICE,TRAIN,2022-06
LWSA3.SA,BEAR_CALM,-0.06808418924189122,0,HARD_STOP,2,0.5,0.3926895777723062,5.870651540389091,PRICE,TRAIN,2022-06
LREN3.SA,BEAR_CALM,0.14129774831614203,1,BEAR_OPTIMIZED,28,0.5,1.68691636418758,7.023525184066537,PRICE,TRAIN,2022-06
MRVE3.SA,BEAR_CALM,0.00880000000000001,1,STOP_TECNICO,21,0.5,0.6593802220564418,16.785259794002766,PRICE,TRAIN,2022-06
MGLU3.SA,BEAR_CALM,0.00880000000000001,1,STOP_TECNICO,1,0.5,0.6233821835246688,23.66182686122399,PRICE,TRAIN,2022-06
MGLU3.SA,BEAR_CALM,-0.051200000000000044,0,HARD_STOP,4,0.5,0.21945035787384534,17.06674296661396,PRICE,TRAIN,2022-06
PCAR3.SA,BEAR_VOLATILE,-0.07207056095740386,0,HARD_STOP,5,0.5,0.9472066292527329,13.408128585631244,PRICE,TRAIN,2022-06
RECV3.SA,BULL_CALM,-0.008565940226043643,0,TIME_STOP,25,0.5,0.34928071186637255,8.392316226493291,PRICE,TRAIN,2022-06
RENT3.SA,BEAR_CALM,-0.07736694641793898,0,HARD_STOP,4,0.5,0.20743692966615226,7.6450891551159685,PRICE,TRAIN,2022-06
SANB11.SA,SIDEWAYS_CALM,-0.051200000000000044,0,HARD_STOP,8,0.5,0.2696425825121285,13.186199730043436,PRICE,TRAIN,2022-06
SUZB3.SA,BEAR_CALM,-0.05806831789781399,0,HARD_STOP,4,0.5,0.3846001561830942,5.6615112902257305,PRICE,TRAIN,2022-06
SUZB3.SA,BEAR_VOLATILE,-0.051200000000000044,0,HARD_STOP,11,0.5,0.4328738355611465,4.864214589432604,PRICE,TRAIN,2022-06
SMFT3.SA,BULL_CALM,-0.06056058032180169,0,HARD_STOP,3,0.6174877523388701,0.6121985574294855,4.620994697019829,PRICE,TEST,2022-06
TIMS3.SA,SIDEWAYS_CALM,-0.007353956154727247,0,TIME_STOP,11,0.5,0.5447582089295504,10.021530457649,PRICE,TRAIN,2022-06
TOTS3.SA,BEAR_CALM,-0.051200000000000044,0,HARD_STOP,5,0.5,0.21342458156932506,13.932922958699486,PRICE,TRAIN,2022-06
TOTS3.SA,BEAR_CALM,0.22781704690031632,1,BEAR_OPTIMIZED,22,0.5,0.813029215416662,6.709023919223326,PRICE,TRAIN,2022-06
UGPA3.SA,BEAR_CALM,-0.05119999999999993,0,HARD_STOP,3,0.5,1.7472276393648571,6.3513823085321155,PRICE,TRAIN,2022-06
VIVT3.SA,SIDEWAYS_VOLATILE,-0.008560832921272986,0,TIME_STOP,12,0.5,0.3669947557385806,13.209035705597989,PRICE,TRAIN,2022-06
YDUQ3.SA,BEAR_VOLATILE,-0.051200000000000044,0,HARD_STOP,4,0.5,1.0915518124478423,14.16287150482697,PRICE,TRAIN,2022-06
WEGE3.SA,BEAR_CALM,-0.026594412950526468,0,BEAR_OPTIMIZED,1,0.5,1.4154298109601926,5.493845106787074,PRICE,TRAIN,2022-06
WEGE3.SA,BEAR_CALM,-0.0004950464224161776,0,BEAR_OPTIMIZED,1,0.5,0.9825677519887798,15.746781044950144,PRICE,TRAIN,2022-06
WEGE3.SA,BULL_CALM,-0.0027027336859420034,0,TIME_STOP,27,0.5,1.8463319787834331,16.717324851843998,PRICE,TRAIN,2022-06
WEGE3.SA,BULL_CALM,-0.016758847538599263,0,TIME_STOP,11,0.5,0.31425950524850915,5.673619915954525,PRICE,TRAIN,2022-06
WEGE3.SA,BULL_CALM,0.00880000000000001,1,STOP_TECNICO,42,0.5,0.4139738574630448,1.427573492876873,PRICE,TRAIN,2022-06
WEGE3.SA,BULL_CALM,-0.012035926671409868,0,TIME_STOP,46,-0.9391634277908562,0.9072687718161834,6.554622188328708,PRICE,TRAIN,2022-06
WEGE3.SA,BULL_CALM,-0.0012,0,END_CLOSED,0,0.06973408990142646,1.5642587640530705,5.021107192870836,PRICE,TRAIN,2022-06
AURE3.SA,SIDEWAYS_CALM,-0.051200000000000044,0,HARD_STOP,3,0.5,1.0424376968428741,1.8479850803498845,PRICE,TRAIN,2022-09
AURE3.SA,SIDEWAYS_CALM,-0.004703706557216879,0,TIME_STOP,25,0.5,0.7645991149215212,1.8344198964609222,PRICE,TRAIN,2022-09
AURE3.SA,SIDEWAYS_CALM,-0.005384178217922607,0,TIME_STOP,73,0.5,0.6334135723381953,2.6847989039248557,PRICE,TRAIN,2022-09
AURE3.SA,SIDEWAYS_CALM,0.09414029685716505,1,SIGNAL,86,0.5,0.2796546605693717,3.3461768358387958,PRICE,TRAIN,2022-09
AURE3.SA,BULL_CALM,0.009378229083511248,1,SIGNAL,1,0.5,0.8376434179690858,6.416452614019427,PRICE,TRAIN,2022-09
AURE3.SA,BULL_CALM,0.00510242944383963,1,SIGNAL,2,0.5,0.5396760210387102,4.82463798510797,PRICE,TRAIN,2022-09
AURE3.SA,BULL_CALM,-0.005413370803396454,0,TIME_STOP,14,0.5,0.6871011424140064,4.350507276692343,PRICE,TRAIN,2022-09
AURE3.SA,BULL_CALM,-0.016136057718147544,0,TIME_STOP,13,1.3516690355272651,0.8213155742766372,3.9856797633711527,PRICE,TRAIN,2022-09
ALOS3.SA,BEAR_CALM,-0.019777775789746953,0,TIME_STOP,11,0.5,1.6469118484596779,17.884823083220148,PRICE,TRAIN,2022-09
BBDC3.SA,BULL_CALM,0.007180009582434012,1,STOP_TECNICO,14,0.5,0.44039972879721645,22.002874136139475,PRICE,TRAIN,2022-09
CMIN3.SA,BULL_CALM,-0.051200000000000155,0,HARD_STOP,8,0.5,0.6338848638628707,9.351039574012896,PRICE,TRAIN,2022-09
CMIN3.SA,BULL_CALM,0.00880000000000001,1,STOP_TECNICO,22,-0.0863689841670177,0.5756187765006393,6.109469203056141,PRICE,TRAIN,2022-09
CMIN3.SA,BULL_CALM,-0.05484819564052892,0,HARD_STOP,4,0.30724335277234494,1.1594260103645655,4.222856621869156,PRICE,TRAIN,2022-09
CMIN3.SA,BULL_CALM,-0.051200000000000044,0,HARD_STOP,2,0.19054828895360665,0.9565516556537569,2.796691837712745,PRICE,TRAIN,2022-09
CMIN3.SA,BULL_CALM,0.005602873363422224,1,STOP_TECNICO,18,-1.5096809508371283,1.5921727787717177,2.7513630577566612,PRICE,TRAIN,2022-09
CMIN3.SA,BULL_CALM,-0.025322814007563775,0,TIME_STOP,11,-0.7122448520870235,0.39962659709942955,6.137475733473174,PRICE,TRAIN,2022-09
CMIN3.SA,BULL_CALM,-0.005928022893690009,0,TIME_STOP,11,-0.9682901085698931,0.7200913954253947,5.483076058606888,PRICE,TRAIN,2022-09
CMIN3.SA,BULL_CALM,0.00880000000000001,1,STOP_TECNICO,20,-0.35185300409899095,0.6282033961425756,6.3514401850821605,PRICE,TRAIN,2022-09
CMIN3.SA,SIDEWAYS_CALM,-0.02052366372404426,0,TIME_STOP,12,0.5721727504781171,0.5653581025103048,7.981361057953424,PRICE,TRAIN,2022-09
CMIN3.SA,SIDEWAYS_CALM,-0.0012,0,END_CLOSED,0,0.2941770356518451,0.23538665259351857,3.7449130743430916,PRICE,TRAIN,2022-09
BRKM5.SA,BEAR_CALM,-0.0752864596086156,0,HARD_STOP,4,0.5,0.5423775086215441,9.003685548817261,PRICE,TRAIN,2022-09
EMBR3.SA,BEAR_CALM,-0.051200000000000044,0,HARD_STOP,5,0.5,1.5482533431409518,20.29807191241664,PRICE,TRAIN,2022-09
EMBR3.SA,BEAR_CALM,-0.06203082228704306,0,HARD_STOP,4,0.5,1.320643135252851,21.376148096243593,PRICE,TRAIN,2022-09
EQTL3.SA,BULL_VOLATILE,-0.051200000000000155,0,HARD_STOP,7,0.5,0.5805592043132093,19.558178187026975,PRICE,TRAIN,2022-09
EQTL3.SA,BULL_CALM,-0.03209361408797564,0,TIME_STOP,11,0.5,0.2114000978356181,3.102927989938155,PRICE,TRAIN,2022-09
EQTL3.SA,BULL_CALM,0.013458008080468133,1,END_CLOSED,2,-0.7169939222960671,0.4769295573708379,9.31538636734993,PRICE,TRAIN,2022-09
EZTC3.SA,BULL_CALM,-0.051200000000000044,0,HARD_STOP,7,0.5,0.3881924922105433,19.577110835720365,PRICE,TRAIN,2022-09
HYPE3.SA,BULL_CALM,-0.05119999999999993,0,HARD_STOP,6,0.5,0.9293782044504489,10.140363930177529,PRICE,TRAIN,2022-09
IGTI11.SA,BULL_CALM,0.05114819748325892,1,SIGNAL,29,0.5,0.5853313175874606,6.920821568701248,PRICE,TRAIN,2022-09
LREN3.SA,BULL_CALM,-0.002317263569233584,0,TIME_STOP,11,0.5,0.4273382551495332,12.843822986750173,PRICE,TRAIN,2022-09
LREN3.SA,BULL_CALM,-0.011583025937048762,0,STOP_TECNICO,30,0.5,1.8237733331388353,6.148346973552191,PRICE,TRAIN,2022-09
LWSA3.SA,BULL_CALM,0.05665122951272981,1,SIGNAL,6,0.5,0.32194584236125356,8.9204302036854,PRICE,TRAIN,2022-09
MULT3.SA,SIDEWAYS_CALM,0.003635093105248989,1,END_CLOSED,2,0.6980611872185516,0.2638663906469762,6.597486081856003,PRICE,TRAIN,2022-09
MGLU3.SA,SIDEWAYS_CALM,-0.051200000000000044,0,HARD_STOP,2,0.5,0.36349092741154504,24.479344680586113,PRICE,TRAIN,2022-09
MGLU3.SA,BEAR_CALM,0.19746076515086095,1,BEAR_OPTIMIZED,6,0.5,0.9383245964458966,13.743539339359595,PRICE,TRAIN,2022-09
MGLU3.SA,BULL_CALM,-0.07464630756885918,0,HARD_STOP,6,0.5,0.34056196695303725,23.561082024867318,PRICE,TRAIN,2022-09
PETR3.SA,BULL_CALM,-0.051200063320158494,0,HARD_STOP,5,0.19092718676469636,0.5107799096929349,3.2793147894516226,PRICE,TEST,2022-09
PETR4.SA,BULL_CALM,-0.0012,0,END_CLOSED,0,-0.8488295647623383,0.7765054918394176,4.565200671261573,PRICE,TEST,2022-09
SANB11.SA,SIDEWAYS_CALM,-0.0038515844438527166,0,TIME_STOP,18,0.5,1.2071842235982395,11.177857937616807,PRICE,TRAIN,2022-09
TIMS3.SA,SIDEWAYS_CALM,-0.05119999999999993,0,HARD_STOP,5,0.5,0.9873905198917051,8.53755004317451,PRICE,TRAIN,2022-09
VBBR3.SA,BEAR_CALM,-0.054250532543609474,0,HARD_STOP,4,0.5,1.776193944682323,10.888286126080848,PRICE,TRAIN,2022-09
VBBR3.SA,BEAR_CALM,-0.07718970718474763,0,HARD_STOP,6,0.5,1.4650531648197413,10.98000249799228,PRICE,TRAIN,2022-09
WEGE3.SA,BULL_CALM,-0.051200000000000044,0,HARD_STOP,7,0.5,1.6890757892290145,18.63055618952853,PRICE,TRAIN,2022-09
WEGE3.SA,BULL_CALM,-0.003071599201051621,0,TIME_STOP,16,0.5,0.31552943628866675,6.852951222139575,PRICE,TRAIN,2022-09
WEGE3.SA,BULL_CALM,0.00880000000000001,1,STOP_TECNICO,42,0.5,0.4139738574630448,1.427573492876873,PRICE,TRAIN,2022-09
WEGE3.SA,BULL_CALM,-0.012035926671409868,0,TIME_STOP,46,-0.9391634277908562,0.9072687718161834,6.554622188328708,PRICE,TRAIN,2022-09
WEGE3.SA,BULL_CALM,-0.013781988703802116,0,TIME_STOP,12,0.06973408990142646,1.5642587640530705,5.021107192870836,PRICE,TRAIN,2022-09
AURE3.SA,SIDEWAYS_CALM,-0.005278851280265194,0,TIME_STOP,42,0.5,0.5719334875186988,3.370265057290759,PRICE,TRAIN,2022-12
AURE3.SA,BULL_CALM,-0.009662552192756045,0,TIME_STOP,26,0.5,0.8376434179690858,6.416452614019427,PRICE,TRAIN,2022-12
AURE3.SA,BULL_CALM,-0.017628578229112367,0,TIME_STOP,11,0.9687674415015762,0.21647093624589062,4.34902511635661,PRICE,TRAIN,2022-12
BPAC11.SA,BULL_CALM,-0.0030908004086937155,0,TIME_STOP,12,-0.9488966048143079,1.0643862221089084,11.256706377834108,PRICE,TEST,2022-12
CMIG4.SA,BULL_CALM,-0.007817351219166734,0,TIME_STOP,14,1.5063950747549388,0.7591494735002491,4.673390624197516,PRICE,TRAIN,2022-12
CMIG4.SA,SIDEWAYS_CALM,0.11179904222127854,1,SIGNAL,15,-0.22036912661946148,0.3587958759832916,4.566494676191113,PRICE,TRAIN,2022-12
BRKM5.SA,BEAR_VOLATILE,-0.05410170377512715,0,HARD_STOP,2,0.5,0.8827774723870938,12.086846173601737,PRICE,TRAIN,2022-12
BRKM5.SA,BEAR_VOLATILE,-0.06575648186727925,0,HARD_STOP,6,0.5,0.72955316590353,21.256741265953572,PRICE,TRAIN,2022-12
BRKM5.SA,BEAR_CALM,-0.05338854205274215,0,HARD_STOP,5,0.5,0.6712521613571705,22.10745201780812,PRICE,TRAIN,2022-12
CMIN3.SA,BULL_CALM,-0.051200000000000155,0,HARD_STOP,8,0.5,0.6338848638628707,9.351039574012896,PRICE,TRAIN,2022-12
CMIN3.SA,BULL_CALM,-0.04041599571213563,0,TIME_STOP,26,-0.3145624939859197,0.6848738778743171,5.264774048840532,PRICE,TRAIN,2022-12
CMIN3.SA,BULL_CALM,-0.051200000000000044,0,HARD_STOP,2,0.19054828895360665,0.9565516556537569,2.796691837712745,PRICE,TRAIN,2022-12
CMIN3.SA,BULL_CALM,0.005602873363422224,1,STOP_TECNICO,18,-1.5096809508371283,1.5921727787717177,2.7513630577566612,PRICE,TRAIN,2022-12
CMIN3.SA,BULL_CALM,-0.025322814007563775,0,TIME_STOP,11,-0.7122448520870235,0.39962659709942955,6.137475733473174,PRICE,TRAIN,2022-12
CMIN3.SA,BULL_CALM,-0.022178924233781892,0,TIME_STOP,11,0.6222223677320159,1.0275300066633646,4.842704072463547,PRICE,TRAIN,2022-12
CPFE3.SA,SIDEWAYS_VOLATILE,0.14152352740977067,1,SIGNAL,29,-0.3611256365811628,0.5344954025779115,14.825647969810785,PRICE,TRAIN,2022-12
CPLE6.SA,BULL_CALM,0.06307675929407117,1,SIGNAL,8,0.5285628342106905,1.3726559055526524,2.8499543510266125,PRICE,TRAIN,2022-12
CPLE6.SA,BULL_CALM,0.016692596513059856,1,END_CLOSED,35,-0.3704111172293884,1.339234042063308,10.107339809836793,PRICE,TEST,2022-12
EGIE3.SA,SIDEWAYS_CALM,-0.013503150255697392,0,TIME_STOP,15,1.0857380749297914,0.6694039906372631,9.057795680486372,PRICE,TRAIN,2022-12
EGIE3.SA,SIDEWAYS_CALM,0.08225717003627184,1,END_CLOSED,43,1.1846873114436112,0.3672259583872242,4.615449767554446,PRICE,TRAIN,2022-12
ENGI11.SA,SIDEWAYS_VOLATILE,0.1796077345234429,1,SIGNAL,31,1.5129232016487724,0.4440685536287665,13.924058889230523,PRICE,TRAIN,2022-12
EQTL3.SA,BULL_CALM,0.00880000000000001,1,STOP_TECNICO,29,-0.7169939222960671,0.4769295573708379,9.31538636734993,PRICE,TRAIN,2022-12
EQTL3.SA,BULL_CALM,-0.017582857704646536,0,TIME_STOP,11,2.38442323571191,0.4502037044036525,8.787608554760807,PRICE,TRAIN,2022-12
EQTL3.SA,BULL_CALM,0.09444932961898375,1,END_CLOSED,39,0.3247286661635975,0.8103879772007319,3.7432114154689944,PRICE,TRAIN,2022-12
IRBR3.SA,BEAR_CALM,0.00880000000000001,1,STOP_TECNICO,40,0.5,0.7474805232375503,15.151376156371464,PRICE,TRAIN,2022-12
KLBN11.SA,BULL_CALM,-0.03229873220934212,0,TIME_STOP,38,0.5571760915415139,1.2281002117044446,6.527609004282359,PRICE,TRAIN,2022-12
MGLU3.SA,BEAR_CALM,-0.05594451379608325,0,HARD_STOP,4,0.5,0.6724794510969496,24.25581661371649,PRICE,TRAIN,2022-12
MGLU3.SA,BEAR_CALM,0.00880000000000001,1,STOP_TECNICO,3,0.5,0.9804461212219968,12.091180566979652,PRICE,TRAIN,2022-12
MULT3.SA,SIDEWAYS_CALM,-0.006437628791699977,0,TIME_STOP,15,0.6980611872185516,0.2638663906469762,6.597486081856003,PRICE,TRAIN,2022-12
PETR4.SA,BULL_CALM,0.028352394460549137,1,END_CLOSED,2,-0.08181487593410351,1.1832993429694938,5.022849068781255,PRICE,TRAIN,2022-12
PETR3.SA,BULL_CALM,0.004009772390551981,1,END_CLOSED,4,-0.2657145307303815,0.2555278424560353,3.973809131685195,PRICE,TRAIN,2022-12
PRIO3.SA,BULL_CALM,0.03100567082554582,1,END_CLOSED,3,-1.0174012853991121,0.5826715977928247,4.474823186407617,PRICE,TRAIN,2022-12
RADL3.SA,SIDEWAYS_VOLATILE,0.07914102006858856,1,END_CLOSED,30,1.6066354224907047,0.3449541390350709,5.123819771247553,PRICE,TRAIN,2022-12
RAIL3.SA,SIDEWAYS_VOLATILE,0.03964504900561092,1,END_CLOSED,51,-0.18958325063109915,0.6190977127486659,4.325005705299524,PRICE,TRAIN,2022-12
SMFT3.SA,BULL_CALM,0.2609762421873968,1,SIGNAL,42,-0.04267436850913626,0.2950174464902922,6.42997305023124,PRICE,TRAIN,2022-12
UGPA3.SA,BULL_CALM,0.05198385575101536,1,SIGNAL,6,1.3602969258872024,0.45000062319253853,7.005311999440554,PRICE,TEST,2022-12
UGPA3.SA,BULL_VOLATILE,-0.004482110591618869,0,END_CLOSED,8,0.6482511947840462,0.5541046159927075,19.07387445069238,PRICE,TEST,2022-12
WEGE3.SA,BULL_CALM,-0.015972113152055066,0,TIME_STOP,11,0.5,0.5968923258453004,2.2485034165582056,PRICE,TRAIN,2022-12
WEGE3.SA,BULL_CALM,-0.012035926671409868,0,TIME_STOP,46,-0.9391634277908562,0.9072687718161834,6.554622188328708,PRICE,TRAIN,2022-12
AURE3.SA,BULL_CALM,-0.009662552192756045,0,TIME_STOP,26,0.5,0.8376434179690858,6.416452614019427,PRICE,TRAIN,2023-03
AURE3.SA,BULL_CALM,-0.017628578229112367,0,TIME_STOP,11,0.9687674415015762,0.21647093624589062,4.34902511635661,PRICE,TRAIN,2023-03
AURE3.SA,SIDEWAYS_CALM,-0.02667860529039858,0,TIME_STOP,11,-1.023965846321022,0.2573989716345615,3.6221740104060123,PRICE,TRAIN,2023-03
BRKM5.SA,BEAR_VOLATILE,-0.051200000000000044,0,HARD_STOP,7,-0.020620304516125593,1.5181509352202773,12.966411792110529,PRICE,TRAIN,2023-03
BRKM5.SA,BEAR_CALM,-0.051200000000000155,0,HARD_STOP,10,0.42575427553527123,1.1385525743585987,9.70378915887513,PRICE,TRAIN,2023-03
CMIG4.SA,BULL_CALM,-0.007817351219166734,0,TIME_STOP,14,1.5063950747549388,0.7591494735002491,4.673390624197516,PRICE,TRAIN,2023-03
CPFE3.SA,SIDEWAYS_CALM,-0.03456161551625194,0,TIME_STOP,11,-1.3595485541667793,0.2604629301261536,12.955695686132215,PRICE,TRAIN,2023-03
CMIN3.SA,BULL_CALM,-0.00795690698090281,0,TIME_STOP,14,-0.6099250460856734,0.6563272143499138,4.886140976789139,PRICE,TRAIN,2023-03
CMIN3.SA,BULL_CALM,-0.025590211781191273,0,TIME_STOP,11,1.0706041607208807,0.6935339766303116,22.957280895833694,PRICE,TRAIN,2023-03
CPLE6.SA,BULL_CALM,0.1434229084274273,1,SIGNAL,27,0.5285628342106905,1.3726559055526524,2.8499543510266125,PRICE,TRAIN,2023-03
CXSE3.SA,BULL_VOLATILE,-0.0018401328642655634,0,TIME_STOP,13,0.5079858212145552,0.4213577936964488,7.013102976838822,PRICE,TEST,2023-03
ENGI11.SA,BULL_VOLATILE,0.15239049192626006,1,SIGNAL,28,0.6808782582798995,0.44932231802550465,8.01443173544153,PRICE,TRAIN,2023-03
EQTL3.SA,BULL_CALM,0.00880000000000001,1,STOP_TECNICO,29,-0.7169939222960671,0.4769295573708379,9.31538636734993,PRICE,TRAIN,2023-03
EQTL3.SA,BULL_CALM,-0.017582857704646536,0,TIME_STOP,11,2.38442323571191,0.4502037044036525,8.787608554760807,PRICE,TRAIN,2023-03
EQTL3.SA,BULL_CALM,0.12515940960619507,1,SIGNAL,53,0.3247286661635975,0.8103879772007319,3.7432114154689944,PRICE,TRAIN,2023-03
KLBN11.SA,BULL_CALM,-0.03229873220934212,0,TIME_STOP,38,0.5571760915415139,1.2281002117044446,6.527609004282359,PRICE,TRAIN,2023-03
KLBN11.SA,SIDEWAYS_CALM,-0.023535730741653847,0,TIME_STOP,11,0.4946562067553537,0.7734705321072901,5.347401559721433,PRICE,TRAIN,2023-03
PETR4.SA,BULL_CALM,0.11312854574540529,1,SIGNAL,20,-0.08181487593410351,1.1832993429694938,5.022849068781255,PRICE,TRAIN,2023-03
PETR3.SA,BULL_CALM,0.11478567759606836,1,SIGNAL,30,-0.2657145307303815,0.2555278424560353,3.973809131685195,PRICE,TRAIN,2023-03
PRIO3.SA,BULL_CALM,0.00880000000000001,1,STOP_TECNICO,56,-1.0174012853991121,0.5826715977928247,4.474823186407617,PRICE,TRAIN,2023-03
PRIO3.SA,SIDEWAYS_CALM,-0.051200000000000044,0,HARD_STOP,2,-2.4613007384776346,0.7872867138146573,2.41021363433184,PRICE,TRAIN,2023-03
PRIO3.SA,SIDEWAYS_CALM,-0.007113171003234962,0,TIME_STOP,22,-2.4990040218601437,1.6514575267149298,2.9501827476790243,PRICE,TRAIN,2023-03
RAIL3.SA,BULL_CALM,0.00880000000000001,1,STOP_TECNICO,55,-0.4665777698962919,0.9597346774202301,3.695791136383274,PRICE,TRAIN,2023-03
RAIL3.SA,SIDEWAYS_CALM,0.08003872472058124,1,SIGNAL,18,-1.0780513149498712,0.6248466932584862,1.789019029820355,PRICE,TRAIN,2023-03
SUZB3.SA,BULL_CALM,0.1035244270330685,1,SIGNAL,28,0.8496196765439151,0.34873122534984613,6.062845584339047,PRICE,TRAIN,2023-03
SMFT3.SA,BULL_CALM,0.34217757119806536,1,SIGNAL,54,-0.04267436850913626,0.2950174464902922,6.42997305023124,PRICE,TRAIN,2023-03
YDUQ3.SA,BULL_CALM,-0.05396640441898506,0,HARD_STOP,8,0.4202863493917889,0.8215438626543897,5.503750922549378,PRICE,TRAIN,2023-03
YDUQ3.SA,SIDEWAYS_CALM,0.12143151654294967,1,END_CLOSED,30,-1.8889070907401193,0.7361926211914949,5.990381211348126,PRICE,TRAIN,2023-03
AURE3.SA,SIDEWAYS_CALM,-0.02667860529039858,0,TIME_STOP,11,-1.023965846321022,0.2573989716345615,3.6221740104060123,PRICE,TRAIN,2023-06
BBAS3.SA,BULL_CALM,-0.014098660014724394,0,TIME_STOP,13,0.2957944232404641,0.4986567694202294,3.0291422961156678,PRICE,TRAIN,2023-06
BBAS3.SA,SIDEWAYS_CALM,-0.0012,0,END_CLOSED,0,-1.1534332692520044,0.9569013883390025,3.348459900203755,PRICE,TRAIN,2023-06
BBSE3.SA,SIDEWAYS_VOLATILE,0.014648368126531343,1,END_CLOSED,4,2.4582034230995293,0.3239605632633772,4.492972141004467,PRICE,TRAIN,2023-06
BPAC11.SA,BULL_CALM,-0.051200000000000044,0,HARD_STOP,6,-1.494390200340216,0.25002978548587623,2.7001242989561614,PRICE,TRAIN,2023-06
CMIN3.SA,BULL_CALM,-0.025590211781191273,0,TIME_STOP,11,1.0706041607208807,0.6935339766303116,22.957280895833694,PRICE,TRAIN,2023-06
CPFE3.SA,SIDEWAYS_CALM,-0.03456161551625194,0,TIME_STOP,11,-1.3595485541667793,0.2604629301261536,12.955695686132215,PRICE,TRAIN,2023-06
CPLE6.SA,BULL_CALM,-0.018635796772027112,0,TIME_STOP,15,-0.44581577503597414,0.7260597503061316,2.334873679913485,PRICE,TRAIN,2023-06
CPLE6.SA,SIDEWAYS_VOLATILE,-0.020101464670989187,0,TIME_STOP,11,-2.7739856089694217,0.2437263790282317,22.945360950590228,PRICE,TRAIN,2023-06
CXSE3.SA,BULL_VOLATILE,-0.027339355981319,0,END_CLOSED,10,1.3573066491694294,0.4865100847690055,3.682767220277314,PRICE,TRAIN,2023-06
CXSE3.SA,BULL_CALM,0.036732730198492415,1,SIGNAL,20,0.2829258248918534,0.6253880084371731,7.56835099919134,PRICE,TEST,2023-06
EQTL3.SA,BULL_CALM,-0.03032319360245763,0,TIME_STOP,11,0.996063881732014,1.737190448168605,21.4700746605975,PRICE,TRAIN,2023-06
EQTL3.SA,SIDEWAYS_CALM,-0.004498368015692165,0,TIME_STOP,14,-1.7681896308359215,0.9407664660840032,3.9316465386686916,PRICE,TRAIN,2023-06
ITUB4.SA,BULL_VOLATILE,-0.0012,0,END_CLOSED,0,-0.416728284285863,0.5719335284608507,9.701212421269584,PRICE,TRAIN,2023-06
KLBN11.SA,BULL_CALM,-0.04083773811837501,0,TIME_STOP,11,0.28328574624218916,0.9696409898209828,4.510899228326442,PRICE,TRAIN,2023-06
PETR3.SA,BULL_CALM,0.1603026041723322,1,SIGNAL,56,-0.2657145307303815,0.2555278424560353,3.973809131685195,PRICE,TRAIN,2023-06
PETR4.SA,BULL_CALM,0.16178512053855862,1,SIGNAL,28,-0.08181487593410351,1.1832993429694938,5.022849068781255,PRICE,TRAIN,2023-06
PETR4.SA,BULL_VOLATILE,-0.0012,0,END_CLOSED,0,0.21681356352846134,0.8326081870390436,15.329074680371594,PRICE,TRAIN,2023-06
PRIO3.SA,BULL_CALM,-0.00781519839370539,0,TIME_STOP,15,0.10607376740510512,1.7008115899128007,4.26072296771343,PRICE,TRAIN,2023-06
SBSP3.SA,BULL_CALM,-0.019437507866759927,0,TIME_STOP,11,1.1331353850985804,0.8049243325569534,6.7353435422625605,PRICE,TRAIN,2023-06
SMFT3.SA,BULL_CALM,-0.06056058032180169,0,HARD_STOP,3,0.6174877523388701,0.6121985574294855,4.620994697019829,PRICE,TRAIN,2023-06
SMFT3.SA,SIDEWAYS_VOLATILE,0.0026395779608575434,1,STOP_TECNICO,21,1.2597167856169134,0.23857066571144395,5.598117515484499,PRICE,TRAIN,2023-06
SUZB3.SA,BULL_CALM,0.11730396710869026,1,SIGNAL,29,0.8496196765439151,0.34873122534984613,6.062845584339047,PRICE,TRAIN,2023-06
TAEE11.SA,SIDEWAYS_VOLATILE,-0.008858376083999774,0,END_CLOSED,2,-0.175089175466566,0.4257430160055733,3.6270510162331973,PRICE,TRAIN,2023-06
TIMS3.SA,SIDEWAYS_VOLATILE,-0.02072418998473271,0,END_CLOSED,2,-0.7347676513139797,1.2714060162095184,6.493690504404099,PRICE,TRAIN,2023-06
UGPA3.SA,BULL_VOLATILE,-0.005760972726811774,0,TIME_STOP,11,1.7538524206106823,0.23873974005219345,15.718280665650076,PRICE,TRAIN,2023-06
VBBR3.SA,BULL_CALM,-0.00465272588768275,0,TIME_STOP,30,0.4348327338652605,1.495271177479561,5.55577430308599,PRICE,TRAIN,2023-06
VBBR3.SA,BULL_CALM,-0.0518830320946694,0,HARD_STOP,4,0.2755805063294265,0.4355716448396288,4.733473041297723,PRICE,TRAIN,2023-06
VIVT3.SA,BULL_CALM,-0.012945750186519799,0,TIME_STOP,11,0.7738161509659071,1.0911880044413973,6.268630814070448,PRICE,TRAIN,2023-06
VIVT3.SA,SIDEWAYS_CALM,-0.05119999999999993,0,HARD_STOP,10,-0.637958831699955,0.41364322910717444,13.212807477495339,PRICE,TRAIN,2023-06
AURE3.SA,SIDEWAYS_CALM,-0.048589673375851315,0,TIME_STOP,11,-0.5725237337661188,0.9149494928056805,4.441445926748938,PRICE,TRAIN,2023-09
BBAS3.SA,BULL_CALM,-0.014098660014724394,0,TIME_STOP,13,0.2957944232404641,0.4986567694202294,3.0291422961156678,PRICE,TRAIN,2023-09
BBAS3.SA,SIDEWAYS_CALM,-0.01791176020905296,0,TIME_STOP,11,-1.1534332692520044,0.9569013883390025,3.348459900203755,PRICE,TRAIN,2023-09
BBAS3.SA,SIDEWAYS_CALM,-0.0061448063402635075,0,TIME_STOP,25,0.2845633793186647,0.5318997632184512,1.9763247548957596,PRICE,TRAIN,2023-09
BBSE3.SA,SIDEWAYS_VOLATILE,0.05659991860676592,1,SIGNAL,42,2.4582034230995293,0.3239605632633772,4.492972141004467,PRICE,TRAIN,2023-09
BPAC11.SA,BULL_CALM,-0.051200000000000044,0,HARD_STOP,6,-1.494390200340216,0.25002978548587623,2.7001242989561614,PRICE,TRAIN,2023-09
CMIN3.SA,BULL_CALM,-0.017381239467983887,0,TIME_STOP,13,1.107189126174103,0.2741248728552357,20.689371820857655,PRICE,TRAIN,2023-09
CMIG4.SA,BULL_CALM,-0.014075475681569881,0,END_CLOSED,4,-0.32070667824754673,1.0629076439281548,2.700068809723697,PRICE,TEST,2023-09
CPLE6.SA,BULL_CALM,-0.018635796772027112,0,TIME_STOP,15,-0.44581577503597414,0.7260597503061316,2.334873679913485,PRICE,TRAIN,2023-09
CXSE3.SA,BULL_VOLATILE,-0.051200000000000155,0,HARD_STOP,13,1.3573066491694294,0.4865100847690055,3.682767220277314,PRICE,TRAIN,2023-09
CXSE3.SA,BULL_CALM,-0.0018191318732671202,0,TIME_STOP,43,0.33960689744007316,0.9099207916911289,24.38301863371382,PRICE,TRAIN,2023-09
CXSE3.SA,BULL_CALM,0.11894138283274555,1,END_CLOSED,22,-1.4965746817927827,0.9364347849590696,2.7618413556742625,PRICE,TRAIN,2023-09
ITUB4.SA,BULL_VOLATILE,0.14062594788837232,1,SIGNAL,67,-0.416728284285863,0.5719335284608507,9.701212421269584,PRICE,TRAIN,2023-09
PETR3.SA,BULL_CALM,-0.051200063320158494,0,HARD_STOP,5,0.19092718676469636,0.5107799096929349,3.2793147894516226,PRICE,TRAIN,2023-09
PETR3.SA,SIDEWAYS_CALM,0.10117516303013749,1,SIGNAL,14,-0.41243006778195834,0.5252158170028737,10.540924395480921,PRICE,TRAIN,2023-09
PETR4.SA,BULL_CALM,0.12840265722845876,1,SIGNAL,26,-0.8488295647623383,0.7765054918394176,4.565200671261573,PRICE,TRAIN,2023-09
PETR4.SA,BULL_VOLATILE,-0.0016650751299689614,0,TIME_STOP,11,0.21681356352846134,0.8326081870390436,15.329074680371594,PRICE,TRAIN,2023-09
PETR4.SA,BULL_CALM,-0.051200000000000044,0,HARD_STOP,7,0.9380503579847299,0.6646898349573664,6.779225197711877,PRICE,TRAIN,2023-09
SBSP3.SA,BULL_CALM,-0.019437507866759927,0,TIME_STOP,11,1.1331353850985804,0.8049243325569534,6.7353435422625605,PRICE,TRAIN,2023-09
SMFT3.SA,BULL_CALM,-0.056594900431720684,0,HARD_STOP,13,0.07492109246699925,0.5938018616653586,4.279557772433054,PRICE,TRAIN,2023-09
TAEE11.SA,SIDEWAYS_VOLATILE,-0.023847122561246124,0,TIME_STOP,11,0.34732133715935953,0.7080437388438099,3.533952652691046,PRICE,TRAIN,2023-09
UGPA3.SA,BULL_VOLATILE,-0.005760972726811774,0,TIME_STOP,11,1.7538524206106823,0.23873974005219345,15.718280665650076,PRICE,TRAIN,2023-09
VBBR3.SA,BULL_CALM,-0.00465272588768275,0,TIME_STOP,30,0.4348327338652605,1.495271177479561,5.55577430308599,PRICE,TRAIN,2023-09
VBBR3.SA,BULL_CALM,-0.0518830320946694,0,HARD_STOP,4,0.2755805063294265,0.4355716448396288,4.733473041297723,PRICE,TRAIN,2023-09
VIVT3.SA,BULL_CALM,-0.012945750186519799,0,TIME_STOP,11,0.7738161509659071,1.0911880044413973,6.268630814070448,PRICE,TRAIN,2023-09
WEGE3.SA,BULL_CALM,-0.008050637127315262,0,TIME_STOP,14,-0.775410192651087,1.1162740251509802,6.439840887857866,PRICE,TEST,2023-09
BBAS3.SA,BULL_CALM,-0.026014519818856628,0,TIME_STOP,11,-0.4851820677529614,1.6539430899050553,9.002125837386943,PRICE,TRAIN,2023-12
BBAS3.SA,BULL_CALM,-0.004025826925795138,0,TIME_STOP,18,-0.79265842905424,1.160801509618165,5.414647934898153,PRICE,TRAIN,2023-12
BBSE3.SA,SIDEWAYS_CALM,0.05516743988950377,1,END_CLOSED,18,2.5639128748231106,0.8301389034397298,21.608781684245375,PRICE,TRAIN,2023-12
CMIG4.SA,BULL_CALM,0.004924275546979252,1,END_CLOSED,2,-0.6197967923832591,0.46851844473908694,2.5644449483067935,PRICE,TRAIN,2023-12
CPLE6.SA,BULL_CALM,-0.004182165407633519,0,TIME_STOP,38,-0.3704111172293884,1.339234042063308,10.107339809836793,PRICE,TRAIN,2023-12
CXSE3.SA,BULL_CALM,0.0037433151162734393,1,STOP_TECNICO,41,1.1183295247866758,1.137163614916376,9.537047302514456,PRICE,TRAIN,2023-12
CXSE3.SA,BULL_VOLATILE,-0.054533356296979994,0,HARD_STOP,12,1.2890350519612457,0.6699897876516303,3.8904806533880976,PRICE,TRAIN,2023-12
CXSE3.SA,BULL_CALM,0.00880000000000001,1,STOP_TECNICO,69,0.2829258248918534,0.6253880084371731,7.56835099919134,PRICE,TRAIN,2023-12
DIRR3.SA,BULL_CALM,0.09702032995654339,1,SIGNAL,8,1.1670035933045098,1.6355955975622134,6.323295022785465,PRICE,TRAIN,2023-12
EGIE3.SA,SIDEWAYS_CALM,-0.008623414244977388,0,TIME_STOP,13,0.74563158126692,0.9090106503536904,14.79250943451469,PRICE,TRAIN,2023-12
EMBR3.SA,BULL_CALM,0.10504170592840642,1,SIGNAL,18,-1.4297839569057742,0.9003147692450395,9.064614903566758,PRICE,TRAIN,2023-12
ITSA4.SA,BULL_CALM,-0.05119999999999993,0,HARD_STOP,7,-1.0534354907810204,0.6823770942192839,9.198908915736062,PRICE,TRAIN,2023-12
ITUB4.SA,SIDEWAYS_CALM,-0.051200000000000044,0,HARD_STOP,2,-1.167427778393832,1.0672685806348245,9.092516199783677,PRICE,TRAIN,2023-12
KLBN11.SA,SIDEWAYS_CALM,-0.008442813213827359,0,TIME_STOP,11,-1.862993088899158,0.9626583797479641,6.977303241518429,PRICE,TRAIN,2023-12
PETR3.SA,BULL_CALM,0.058779856191960446,1,SIGNAL,11,0.6192896603113813,1.211359076782549,4.283020109999865,PRICE,TRAIN,2023-12
PETR3.SA,BULL_CALM,-0.03476037485595398,0,TIME_STOP,11,0.2730115025173522,0.20726821861522832,4.565310104008895,PRICE,TRAIN,2023-12
PETR3.SA,SIDEWAYS_CALM,0.10524826647283989,1,SIGNAL,14,0.26099756866725726,0.5552918042019827,5.764708484182782,PRICE,TRAIN,2023-12
PETR4.SA,BULL_VOLATILE,-0.0016650751299689614,0,TIME_STOP,11,0.21681356352846134,0.8326081870390436,15.329074680371594,PRICE,TRAIN,2023-12
PETR4.SA,BULL_CALM,-0.051200000000000044,0,HARD_STOP,7,0.9380503579847299,0.6646898349573664,6.779225197711877,PRICE,TRAIN,2023-12
PETR4.SA,BULL_CALM,-0.011574169391670462,0,TIME_STOP,28,1.4329563586150775,1.6249925724111576,5.020231720762571,PRICE,TRAIN,2023-12
PETR4.SA,SIDEWAYS_CALM,0.09106932207560167,1,SIGNAL,25,0.3324614339639658,1.0007960388634698,4.044359047371283,PRICE,TRAIN,2023-12
SBSP3.SA,BULL_CALM,0.09780084366814665,1,SIGNAL,16,1.0300023174836903,0.5642029238606209,6.9642872137391025,PRICE,TRAIN,2023-12
SBSP3.SA,BULL_CALM,-0.00404733495304712,0,TIME_STOP,24,1.335546855130354,0.8315908412328399,7.253719735613997,PRICE,TRAIN,2023-12
SBSP3.SA,BULL_VOLATILE,-0.0012,0,END_CLOSED,0,0.5698944970109308,0.4847480764290257,5.206788905588114,PRICE,TRAIN,2023-12
TIMS3.SA,BULL_VOLATILE,-0.0022950242501321924,0,TIME_STOP,11,-0.40093102467156727,0.6755444473095448,3.868975158275846,PRICE,TRAIN,2023-12
UGPA3.SA,BULL_CALM,0.05198385575101536,1,SIGNAL,6,1.3602969258872024,0.45000062319253853,7.005311999440554,PRICE,TRAIN,2023-12
UGPA3.SA,BULL_VOLATILE,-0.020023508796139587,0,TIME_STOP,11,0.6482511947840462,0.5541046159927075,19.07387445069238,PRICE,TRAIN,2023-12
UGPA3.SA,BULL_CALM,-0.0442145080199158,0,TIME_STOP,11,1.6367237346538734,0.2093698802351399,7.058271135221627,PRICE,TRAIN,2023-12
VBBR3.SA,BULL_CALM,-0.051200000000000044,0,HARD_STOP,9,0.1485407622885588,0.7894144508564046,4.925849950442616,PRICE,TRAIN,2023-12
VBBR3.SA,BULL_CALM,-0.016971532301432578,0,TIME_STOP,22,1.2656497873355328,0.4139859932444995,4.559826600851954,PRICE,TRAIN,2023-12
BBSE3.SA,SIDEWAYS_CALM,0.09930716583459928,1,SIGNAL,57,2.5639128748231106,0.8301389034397298,21.608781684245375,PRICE,TRAIN,2024-03
CMIG4.SA,BULL_CALM,-0.0046995587063929575,0,TIME_STOP,12,-0.6197967923832591,0.46851844473908694,2.5644449483067935,PRICE,TRAIN,2024-03
CMIG4.SA,BULL_CALM,-0.007086890991541382,0,TIME_STOP,11,-1.5058818369068043,1.2370427827912966,2.1220498800651195,PRICE,TRAIN,2024-03
CMIG4.SA,BULL_CALM,-0.052860491386434914,0,HARD_STOP,8,-1.391851783307805,0.8510624647084719,2.094401487249207,PRICE,TRAIN,2024-03
CMIG4.SA,SIDEWAYS_CALM,0.06247041725632494,1,END_CLOSED,37,-1.2522086490161912,0.7433682536123118,4.555654425120244,PRICE,TRAIN,2024-03
CXSE3.SA,BULL_VOLATILE,-0.0018401328642655634,0,TIME_STOP,13,0.5079858212145552,0.4213577936964488,7.013102976838822,PRICE,TRAIN,2024-03
CXSE3.SA,SIDEWAYS_VOLATILE,0.0710806001562084,1,SIGNAL,41,0.9614598318201997,0.5858946574285987,5.954998564809612,PRICE,TRAIN,2024-03
DIRR3.SA,BULL_CALM,-0.04432116784634701,0,STOP_TECNICO,10,1.1670035933045098,1.6355955975622134,6.323295022785465,PRICE,TRAIN,2024-03
DIRR3.SA,BULL_VOLATILE,-0.051200000000000044,0,HARD_STOP,10,0.7778780693159317,0.8105735998486793,3.678464925993834,PRICE,TRAIN,2024-03
EMBR3.SA,BULL_CALM,-0.0039173439325000045,0,TIME_STOP,13,0.2871841980199321,1.093620291923919,11.404774548740026,PRICE,TRAIN,2024-03
EMBR3.SA,BULL_CALM,0.595142877248391,1,SIGNAL,141,-1.7893409726213443,0.24344434620516012,10.407961890868647,PRICE,TRAIN,2024-03
EMBR3.SA,BULL_CALM,0.15386450587320852,1,SIGNAL,1,0.6807239898590778,0.9312161862308724,3.5957365634975216,PRICE,TRAIN,2024-03
ITUB4.SA,SIDEWAYS_CALM,-0.051200000000000044,0,HARD_STOP,2,-1.167427778393832,1.0672685806348245,9.092516199783677,PRICE,TRAIN,2024-03
PETR4.SA,BULL_CALM,-0.051200000000000044,0,HARD_STOP,6,1.1592953732077167,0.6587250315738123,6.509521353168166,PRICE,TRAIN,2024-03
PETR4.SA,BULL_CALM,-0.011574169391670462,0,TIME_STOP,28,1.4329563586150775,1.6249925724111576,5.020231720762571,PRICE,TRAIN,2024-03
PETR3.SA,BULL_CALM,-0.0024600684410756232,0,TIME_STOP,25,0.6192896603113813,1.211359076782549,4.283020109999865,PRICE,TRAIN,2024-03
PETR3.SA,SIDEWAYS_CALM,-0.007303727242421697,0,TIME_STOP,11,-0.03763615070363698,1.1118663248931857,3.5318506671944743,PRICE,TRAIN,2024-03
SBSP3.SA,BULL_VOLATILE,-0.006361424405577652,0,TIME_STOP,11,0.5698944970109308,0.4847480764290257,5.206788905588114,PRICE,TRAIN,2024-03
SBSP3.SA,SIDEWAYS_CALM,-0.014678355928697505,0,TIME_STOP,12,0.5880062845946992,0.34808618812055253,5.587941030557498,PRICE,TRAIN,2024-03
SBSP3.SA,SIDEWAYS_CALM,0.15124996380209818,1,SIGNAL,32,-0.6160005857161659,0.6682654007630503,5.7079174877192065,PRICE,TRAIN,2024-03
WEGE3.SA,BULL_CALM,-0.03401716654350342,0,TIME_STOP,11,0.49609777417832096,1.8120431546795621,3.2033190062037695,PRICE,TRAIN,2024-03
WEGE3.SA,BULL_VOLATILE,0.0006793758920638838,1,STOP_TECNICO,19,0.2943460315126508,1.6617978900562682,4.700218328785961,PRICE,TRAIN,2024-03
WEGE3.SA,SIDEWAYS_CALM,-0.07297497582551907,0,HARD_STOP,2,1.4041622135065441,0.8734242719838812,4.018199960762131,PRICE,TRAIN,2024-03
BBSE3.SA,SIDEWAYS_CALM,-0.006929957786388628,0,END_CLOSED,3,-0.8762465616089138,0.4672636662811519,13.267273295317247,PRICE,TRAIN,2024-06
CMIG4.SA,BULL_CALM,-0.0046995587063929575,0,TIME_STOP,12,-0.6197967923832591,0.46851844473908694,2.5644449483067935,PRICE,TRAIN,2024-06
CMIG4.SA,BULL_CALM,-0.007086890991541382,0,TIME_STOP,11,-1.5058818369068043,1.2370427827912966,2.1220498800651195,PRICE,TRAIN,2024-06
CMIG4.SA,BULL_CALM,-0.052860491386434914,0,HARD_STOP,8,-1.391851783307805,0.8510624647084719,2.094401487249207,PRICE,TRAIN,2024-06
CXSE3.SA,BULL_CALM,0.036732730198492415,1,SIGNAL,20,0.2829258248918534,0.6253880084371731,7.56835099919134,PRICE,TRAIN,2024-06
CXSE3.SA,SIDEWAYS_VOLATILE,-0.024567719189423708,0,TIME_STOP,11,1.1946694644524392,1.2615263692748282,12.301232044202463,PRICE,TRAIN,2024-06
CXSE3.SA,SIDEWAYS_CALM,0.11698171641883257,1,SIGNAL,8,0.5251026774943903,1.27998213869559,3.6491531636222767,PRICE,TRAIN,2024-06
CXSE3.SA,SIDEWAYS_VOLATILE,0.12521230265031033,1,SIGNAL,59,0.41383185007177675,1.0318307122205228,6.827959008955589,PRICE,TRAIN,2024-06
CXSE3.SA,SIDEWAYS_CALM,0.05100345451284181,1,SIGNAL,2,-0.8554930425711378,0.28519274448329207,5.225748871820855,PRICE,TRAIN,2024-06
CXSE3.SA,SIDEWAYS_CALM,-0.0005219753847055741,0,END_CLOSED,4,-1.565028141697549,0.5320908238052257,3.521748283708457,PRICE,TRAIN,2024-06
DIRR3.SA,BULL_CALM,-0.04432116784634701,0,STOP_TECNICO,10,1.1670035933045098,1.6355955975622134,6.323295022785465,PRICE,TRAIN,2024-06
EMBR3.SA,BULL_CALM,0.23053973056485763,1,SIGNAL,39,-1.4297839569057742,0.9003147692450395,9.064614903566758,PRICE,TRAIN,2024-06
EMBR3.SA,BULL_CALM,0.15386450587320852,1,SIGNAL,1,0.6807239898590778,0.9312161862308724,3.5957365634975216,PRICE,TRAIN,2024-06
EMBR3.SA,BULL_VOLATILE,-0.07611915965124152,0,HARD_STOP,2,0.8313684682458431,0.44541700918203353,10.092792793793228,PRICE,TRAIN,2024-06
EMBR3.SA,BULL_VOLATILE,-0.02489899793121799,0,TIME_STOP,13,0.42572262061475524,1.421093145948246,8.517373222767674,PRICE,TRAIN,2024-06
EMBR3.SA,BULL_CALM,-0.01616405190877581,0,END_CLOSED,7,0.9790978824655877,1.2169765223132123,11.00281090612365,PRICE,TRAIN,2024-06
SBSP3.SA,BULL_VOLATILE,-0.006361424405577652,0,TIME_STOP,11,0.5698944970109308,0.4847480764290257,5.206788905588114,PRICE,TRAIN,2024-06
WEGE3.SA,BULL_CALM,-0.03401716654350342,0,TIME_STOP,11,0.49609777417832096,1.8120431546795621,3.2033190062037695,PRICE,TRAIN,2024-06
WEGE3.SA,BULL_VOLATILE,0.0006793758920638838,1,STOP_TECNICO,19,0.2943460315126508,1.6617978900562682,4.700218328785961,PRICE,TRAIN,2024-06
WEGE3.SA,BULL_CALM,-0.08803209164763584,0,HARD_STOP,1,1.614828426084243,0.8663902117641894,3.5912617836959906,PRICE,TRAIN,2024-06
