z_bucket,Count,Avg_Return,Median_Return,Volatility,Win_Rate,Sharpe,Drawdown
Muito Barato (<-2.5),7,0.9698423820765644,2.499988997263402,0.0274712256401077,57.14285714285714,35.303934359472855,0.9423711564364566
Barato (-2.5 a -1.5),108,0.7863421369795734,0.4548040234947592,0.0336379134383626,55.55555555555556,23.376661428295446,0.7527042235412108
Leve Desc (-1.5 a -0.5),203,-0.2151350570345549,-1.0471236185127577,0.0429236034005863,40.39408866995074,-5.012045470990697,-0.2580586604351412
Neutro,200,1.412763002053339,0.4104774395700561,0.0538497972196267,56.00000000000001,26.235251547115876,1.3589132048337123
Leve Premio (0.5 a 1.5),285,-0.0101254277244558,-0.0772751169089036,0.0328743194782171,45.73378839590443,-0.30800416790865764,-0.0429997472026729
Caro (1.5 a 2.5),95,-1.2926716105736,-1.0981384285977391,0.0383673685094472,38.144329896907216,-33.69195300854038,-1.3310389790830472
Muito Caro (>2.5),16,0.1199732864172707,-0.5628259526928747,0.0742217236698143,43.75,1.6164173892615485,0.0457515627474564
Muito Barato (<-2.5),18,0.8684025773729034,0.6287688828648497,0.0511383300406378,61.11111111111112,16.981441507796077,0.8172642473322655
Barato (-2.5 a -1.5),69,0.0212184720795723,-0.4504540272181723,0.0506124546714645,46.3768115942029,0.41923419439091464,-0.029393982591892204
Leve Desc (-1.5 a -0.5),164,-0.5755466271133636,-0.5632546497462199,0.0568022231185086,45.1219512195122,-10.132466396255527,-0.6323488502318722
Neutro,192,0.2462139569761488,-0.2716498273313439,0.0501539074789131,48.4375,4.909167888274708,0.1960600494972357
Leve Premio (0.5 a 1.5),236,1.0869124944423487,0.9239525121835012,0.0460012886381804,57.6271186440678,23.627870066065,1.0409112058041683
Caro (1.5 a 2.5),203,0.8047031668278902,0.7845017810507615,0.0566185384916424,54.71698113207547,14.21271502325973,0.7480846283362478
Muito Caro (>2.5),30,5.743431603348286,7.3179165273191344,0.0359110146301374,90.32258064516128,159.93509241014777,5.707520588718149
Muito Barato (<-2.5),24,-2.2433052868014367,-5.686614094599052,0.0793447249662785,41.66666666666667,-28.272897278072918,-2.322650011767715
Barato (-2.5 a -1.5),127,-3.000551630965988,-3.098291085952776,0.0801560909294604,38.582677165354326,-37.4338563512622,-3.0807077218954486
Leve Desc (-1.5 a -0.5),233,-0.9002161832868909,-2.029138686386134,0.0884285004218916,38.034188034188034,-10.18015875890475,-0.9886446837087826
Neutro,180,-0.4386782856412222,-1.290593296238124,0.0736400952339837,43.91534391534391,-5.957057473789386,-0.5123183808752059
Leve Premio (0.5 a 1.5),195,0.6249271539446046,0.8947076562580758,0.0637438133700141,53.84615384615385,9.803730136340544,0.5611833405745905
Caro (1.5 a 2.5),135,1.6387110600435817,0.0,0.0767344321361552,49.629629629629626,21.35561563523775,1.5619766279074265
Muito Caro (>2.5),20,2.073726224164445,2.161440454710095,0.0535939942327845,70.0,38.69325686874536,2.0201322299316606
Muito Barato (<-2.5),24,-1.1184898820295843,-1.4672101756331046,0.0204495514374654,29.166666666666668,-54.69507880184269,-1.1389394334670497
Barato (-2.5 a -1.5),126,-1.619306671756891,-1.59806812803458,0.0428993298436905,38.095238095238095,-37.74666503906677,-1.6622060016005815
Leve Desc (-1.5 a -0.5),161,0.7877262279196714,0.3851131168491228,0.0403807272500232,52.79503105590062,19.50747948482625,0.7473455006696482
Neutro,190,0.6470129921730006,0.1450343856107316,0.0375990793935258,54.21052631578947,17.208213216949048,0.6094139127794748
Leve Premio (0.5 a 1.5),161,1.0063402144833942,1.2125498802606494,0.0448071395689489,56.52173913043478,22.459371468590934,0.9615330749144453
Caro (1.5 a 2.5),169,0.0487802147130026,0.0,0.0469703382906514,47.19101123595505,1.038532304634883,0.0018098764223511976
Muito Caro (>2.5),19,0.1133394271436047,0.2020248336801478,0.0314941502809288,50.0,3.59874524423959,0.0818452768626759
Muito Barato (<-2.5),9,-9.531873242265004,-6.173993202237749,0.0820819376402383,11.11111111111111,-116.12631719193189,-9.613955179905242
Barato (-2.5 a -1.5),152,1.1254332267479494,-0.5435819223281957,0.2458374713371817,48.68421052631579,4.577956387398689,0.8795957554107677
Leve Desc (-1.5 a -0.5),369,-2.0908998908757748,-5.237318570684158,0.2213609530252256,30.07915567282322,-9.445658111129672,-2.3122608439010004
Neutro,216,-2.052413575706382,-3.578418296975933,0.1271125019571677,37.03703703703704,-16.14643349756059,-2.17952607766355
Leve Premio (0.5 a 1.5),121,-5.107278812380728,-7.318951022870845,0.1091640938693432,24.793388429752067,-46.785335585785326,-5.216442906250071
Caro (1.5 a 2.5),31,2.105632451079458,-4.244304905677065,0.188881062042168,41.935483870967744,11.14792778675421,1.9167513890372903
Muito Caro (>2.5),16,5.879065486168939,7.308877714649364,0.0916369017454522,68.75,64.15609116012716,5.787428584423487
Muito Barato (<-2.5),5,-0.2937940439137576,-2.010424150833978,0.0361939209612102,40.0,-8.117220461176409,-0.3299879648749678
Barato (-2.5 a -1.5),95,0.4513495381512707,0.9844207753944234,0.0628037474740327,56.84210526315789,7.186665591113388,0.38854579067723805
Leve Desc (-1.5 a -0.5),247,0.9480592076101392,-0.724635065319601,0.0783236145413832,43.31983805668016,12.104385134126257,0.869735593068756
Neutro,214,0.2692847072850786,0.0,0.0678413834751465,49.06542056074766,3.969328004851232,0.20144332380993207
Leve Premio (0.5 a 1.5),208,0.9463577914737548,0.2781396487421927,0.0633968318553262,50.697674418604656,14.92752474927851,0.8829609596184286
Caro (1.5 a 2.5),137,-1.5143929122153024,-1.86986213420044,0.0721383450728865,37.85714285714285,-20.992897601023508,-1.586531257288189
Muito Caro (>2.5),8,-1.737880246464589,-1.4710666530679315,0.0404902059196528,50.0,-42.92100185887347,-1.7783704523842419
Muito Barato (<-2.5),0,,,,,,
Barato (-2.5 a -1.5),84,-0.286451047019221,-0.5465504677310606,0.0525961910331079,46.42857142857143,-5.4462316746981925,-0.3390472380523289
Leve Desc (-1.5 a -0.5),192,1.4363927279359785,0.7668240021613371,0.0466427484635549,57.51295336787565,30.79562728304274,1.3897499794724235
Neutro,182,-0.0086392593575796,-0.8000890185949017,0.0489813839434424,39.79057591623037,-0.17637842146674987,-0.057620643301022
Leve Premio (0.5 a 1.5),255,0.7688085193405483,0.5616796315205175,0.0568910967421094,53.72549019607843,13.513687551356476,0.7119174225984389
Caro (1.5 a 2.5),170,1.0772648227617727,0.5999336299363889,0.058295259438318,58.82352941176471,18.479458101085637,1.0189695633234548
Muito Caro (>2.5),31,0.5045606902279817,-0.1160691509988542,0.0435618991020909,45.16129032258064,11.582614372777638,0.46099879112589076
Muito Barato (<-2.5),3,1.850812126596139,2.568093226297119,0.0181512284902438,66.66666666666666,101.96621267947397,1.8326608981058952
Barato (-2.5 a -1.5),70,0.8160402571619463,0.5477720032493583,0.0415037936239113,60.0,19.661822841900015,0.774536463538035
Leve Desc (-1.5 a -0.5),205,0.7574829760522626,-0.3218085418137728,0.0565720444481264,47.80487804878049,13.389704580274277,0.7009109316041362
Neutro,151,-0.2111488750853794,-0.8203759380117859,0.060992736757416,43.70860927152318,-3.4618691150604435,-0.2721416118427954
Leve Premio (0.5 a 1.5),218,0.0831102632393204,0.8000799063518249,0.0565367347005762,55.85585585585585,1.4700223175154659,0.0265735285387442
Caro (1.5 a 2.5),229,0.6949141726490667,0.8879185896959463,0.0473041117855311,57.44680851063831,14.690354215069858,0.6476100608635357
Muito Caro (>2.5),38,1.496046281035542,1.0643462672872972,0.0478555502746852,63.1578947368421,31.261708227921424,1.4481907307608568
Muito Barato (<-2.5),4,-1.1383423854281065,-1.062545596199005,0.0508170461558221,50.0,-22.40079755003409,-1.1891594315839287
Barato (-2.5 a -1.5),81,0.5523456942243659,0.6933072698133591,0.0495219638809163,55.55555555555556,11.153549653220987,0.5028237303434495
Leve Desc (-1.5 a -0.5),193,1.0177815260280152,0.3159082672651081,0.0621202814236559,55.44041450777202,16.384045376465252,0.9556612446043593
Neutro,161,-0.924926223257353,-1.115758200360184,0.0713823939063933,39.75155279503105,-12.95734367655004,-0.9963086171637463
Leve Premio (0.5 a 1.5),198,0.6246813067901218,1.07435247205816,0.0570551096038524,59.80392156862745,10.948735357423756,0.5676261971862694
Caro (1.5 a 2.5),235,0.4150682272557948,0.5854062789075742,0.0504561578179118,56.903765690376574,8.226314427812659,0.364612069437883
Muito Caro (>2.5),42,2.116306669665095,1.890247937802103,0.0519356763285653,54.761904761904766,40.748610175554575,2.0643709933365297
Muito Barato (<-2.5),7,2.153446257418588,2.2845806122019363,0.0171332698673742,100.0,125.687982994494,2.136312987551214
Barato (-2.5 a -1.5),54,1.758827123980945,2.618596946308127,0.0261620227928896,75.92592592592592,67.22825183191541,1.7326651011880554
Leve Desc (-1.5 a -0.5),215,0.9016984001179432,0.6548864623635575,0.0340716543932182,60.46511627906976,26.46476637872494,0.867626745724725
Neutro,207,0.5478106086745288,0.4272123006491934,0.0368182767613308,52.58215962441315,14.878767883322311,0.510992331913198
Leve Premio (0.5 a 1.5),199,1.0388997994095337,0.82376144334666,0.035919484984593,56.15763546798029,28.92301409477715,1.0029803144249407
Caro (1.5 a 2.5),172,-0.042409850104151,0.3124595031159805,0.0405912859426947,54.06976744186046,-1.0448018108916743,-0.0830011360468457
Muito Caro (>2.5),60,1.1961179304831089,2.083429433058348,0.0398431483625868,61.66666666666667,30.020667282046684,1.1562747821205221
Muito Barato (<-2.5),9,5.791741629742358,4.017856898598216,0.0735538373729422,77.77777777777779,78.74152808146216,5.718187792369416
Barato (-2.5 a -1.5),136,1.8260775920198973,2.688582795164951,0.0725675206916658,63.97058823529412,25.163841198529145,1.7535100713282314
Leve Desc (-1.5 a -0.5),316,0.3688097780239201,-0.6030452863964086,0.0871963906359173,47.151898734177216,4.229644955537388,0.2816133873880028
Neutro,201,-1.2602314944713426,-2.4528333824649806,0.089757626517945,37.79904306220095,-14.04038330023137,-1.3499891209892876
Leve Premio (0.5 a 1.5),142,-2.4124952647800018,-3.375158828430508,0.0799216259694198,34.02777777777778,-30.1857626810211,-2.4924168907494217
Caro (1.5 a 2.5),87,-1.5856995094942454,-1.9259285405254567,0.1007578287511334,44.82758620689656,-15.737729895640276,-1.686457338245379
Muito Caro (>2.5),23,-1.6591218523756668,-6.202533460100046,0.1082040975190794,39.130434782608695,-15.333262557361607,-1.7673259498947462
Muito Barato (<-2.5),15,3.5303094349289235,3.9857088334795066,0.05364377911634,73.33333333333333,65.81022864668674,3.4766656558125835
Barato (-2.5 a -1.5),95,1.0919772941358226,0.7220257346459036,0.0526976848691503,54.736842105263165,20.721541679215857,1.0392796092666723
Leve Desc (-1.5 a -0.5),156,1.392273344231135,0.2164678699974387,0.0657691019442164,51.92307692307693,21.16910953479211,1.3265042422869187
Neutro,117,-1.6418290089053829,-2.292286540200139,0.0722178090045483,38.46153846153847,-22.73440594227352,-1.714046817909931
Leve Premio (0.5 a 1.5),221,1.959716213048986,1.739936351421889,0.0615782430056346,57.9185520361991,31.82481483021286,1.8981379700433514
Caro (1.5 a 2.5),281,1.255334281398827,1.4430511530781898,0.0516688069362231,59.106529209622,24.295785630439493,1.203665474462604
Muito Caro (>2.5),29,2.140931597142372,4.025012057822197,0.0636450384239467,75.86206896551724,33.63862473053695,2.0772865587184253
Muito Barato (<-2.5),2,4.392728575791393,4.392728575791393,0.0220797129194294,100.0,198.94861825750112,4.370648862871964
Barato (-2.5 a -1.5),126,-0.3160960029954081,-0.5705236588393947,0.0504239412191894,42.85714285714285,-6.268768150283858,-0.3665199442145975
Leve Desc (-1.5 a -0.5),358,0.1779097561812212,-0.7015212640928137,0.0581265614170349,47.48603351955308,3.060730736230188,0.11978319476418631
Neutro,193,-0.3284499899379214,-0.5639066426748718,0.0542162777871339,43.52331606217616,-6.0581433710619415,-0.3826662677250553
Leve Premio (0.5 a 1.5),128,-0.1993522765038217,0.8307486044950685,0.0506349673545163,53.90625,-3.937047518388363,-0.249987243858338
Caro (1.5 a 2.5),82,0.7764770758334912,1.34149907314578,0.0522412199428186,64.63414634146342,14.863302614680382,0.7242358558906726
Muito Caro (>2.5),25,5.83333312915035,6.2332667300442735,0.034985694454279,65.71428571428571,166.7348055657099,5.798347434696071
Muito Barato (<-2.5),9,7.022682285081566,3.264090353762783,0.1079686214875589,66.66666666666666,65.04373329289055,6.914713663594007
Barato (-2.5 a -1.5),237,2.6144046687582345,-0.0938899114148461,0.1095431405480864,49.36708860759494,23.86643866344278,2.504861528210148
Leve Desc (-1.5 a -0.5),374,-2.5876034282447997,-3.975603289442753,0.101771535273774,33.59375,-25.425610371881668,-2.6893749635185737
Neutro,159,-4.990955097722417,-5.938242495511615,0.0814512977600138,20.75471698113208,-61.27532861603166,-5.072406395482431
Leve Premio (0.5 a 1.5),74,1.6793125653999492,-2.6116968118383044,0.1368056716038135,39.18918918918919,12.275167640622659,1.5425068937961357
Caro (1.5 a 2.5),56,-3.573685641207724,-4.8034472854629975,0.0907861439849363,25.0,-39.36377782976343,-3.6644717851926605
Muito Caro (>2.5),5,-1.655808537203074,-2.05531068649083,0.0945117727568392,20.0,-17.519600695074818,-1.7503203099599132
Muito Barato (<-2.5),6,5.050704950963556,4.718789322924821,0.0455965225047954,83.33333333333334,110.7695184355968,5.005108428458761
Barato (-2.5 a -1.5),37,3.350633807483381,2.566615352067081,0.0494517917521671,78.37837837837837,67.75555790819227,3.3011820157312135
Leve Desc (-1.5 a -0.5),103,3.3026439934027643,3.409093971781596,0.0543706074535646,66.99029126213593,60.743186205528644,3.2482733859491995
Neutro,116,2.419095795475526,2.779710830925397,0.0484351588984233,67.24137931034483,49.94503580764011,2.3706606365771026
Leve Premio (0.5 a 1.5),339,0.3635133707026841,0.506874433379001,0.0459944226545206,54.33526011560693,7.903422672129861,0.3175189480481635
Caro (1.5 a 2.5),265,-0.0051833081049073,-0.3064931881082255,0.0454317410237006,44.776119402985074,-0.1140900144705721,-0.050615049128607904
Muito Caro (>2.5),48,-1.59995934280242,-1.8735898260897168,0.0411081930106592,37.5,-38.92069163601681,-1.641067535813079
Muito Barato (<-2.5),7,1.2173904411425138,-3.308858283677496,0.1051126190634043,42.85714285714285,11.581772392393793,1.1122778220791094
Barato (-2.5 a -1.5),55,-0.9212009368400644,-1.5850210637019413,0.0824535406456016,41.81818181818181,-11.172363472263353,-1.003654477485666
Leve Desc (-1.5 a -0.5),279,1.0866170279587275,0.2028598224193212,0.0764971836931665,50.53763440860215,14.204666907902494,1.010119844265561
Neutro,245,0.859776261180209,0.9560336309662354,0.0748153504698203,53.46938775510204,11.491976503338803,0.7849609107103888
Leve Premio (0.5 a 1.5),201,0.3040775531907897,0.866554945523812,0.0844030949512116,52.60663507109005,3.6026824580766426,0.21967445823957812
Caro (1.5 a 2.5),77,-0.6817659658363643,-1.8315022776203893,0.0914843962565825,40.25974025974026,-7.4522649356725115,-0.7732503620929467
Muito Caro (>2.5),50,6.840951701291563,5.581484008375137,0.1068065711909345,74.0,64.04991341789554,6.734145130100629
Muito Barato (<-2.5),6,2.936767539208296,2.2577308528770104,0.1446667001459532,50.0,20.300231607862628,2.7921008390623427
Barato (-2.5 a -1.5),104,1.9227815873391203,3.697128884256884,0.0979862280864216,58.65384615384615,19.62297769050048,1.8247953592526986
Leve Desc (-1.5 a -0.5),242,-2.747038709405657,-4.489476858962249,0.0950535370324625,34.710743801652896,-28.899910158709652,-2.8420922464381198
Neutro,133,-0.3579092919306268,-1.9999933393631708,0.1083114352727645,39.849624060150376,-3.304445996166935,-0.4662207272033913
Leve Premio (0.5 a 1.5),221,3.728760558593801,2.9702942250534603,0.0935527441971603,62.89592760180995,39.85730777579559,3.6352078143966406
Caro (1.5 a 2.5),182,1.8540861145334349,0.4718152815823218,0.1008822736411776,49.47916666666667,18.378710443714,1.7532038408922572
Muito Caro (>2.5),26,5.754137448330305,5.739180820408885,0.0864053006930419,69.23076923076923,66.59472666124233,5.667732147637263
Muito Barato (<-2.5),4,3.035423758060388,3.2499488360159923,0.0353393864733626,75.0,85.89350226707714,3.0000843715870253
Barato (-2.5 a -1.5),73,2.3928802253569823,2.25489593481758,0.0380401019447417,69.86301369863014,62.90414694284499,2.3548401234122407
Leve Desc (-1.5 a -0.5),210,-0.2761317709131167,-0.4902920185872517,0.0311243591748521,43.333333333333336,-8.871885859238514,-0.3072561300879688
Neutro,160,0.5055246072314185,0.4259494839576994,0.0456767608986275,51.87500000000001,11.06743530448485,0.45984784633279097
Leve Premio (0.5 a 1.5),244,0.8456022030587673,0.3525861265222252,0.0446401511940135,52.459016393442624,18.942637099077082,0.8009620518647538
Caro (1.5 a 2.5),188,0.7898257833043641,0.3139286019048781,0.0410835262141778,53.36787564766839,19.224877630073536,0.7487422570901864
Muito Caro (>2.5),35,1.565951476347546,1.226356568494702,0.0365895930264203,65.0,42.797727551085075,1.5293618833211255
Muito Barato (<-2.5),13,1.0653831253775707,-0.5007924947944442,0.0573687729293887,38.46153846153847,18.57078428569657,1.008014352448182
Barato (-2.5 a -1.5),67,1.523073557871104,0.5706252531323397,0.0570166650388149,53.73134328358209,26.71277827493895,1.4660568928322892
Leve Desc (-1.5 a -0.5),130,1.5598529541628643,0.7299246479550492,0.0513409264971207,55.38461538461539,30.38225116307733,1.5085120276657435
Neutro,129,0.1062090363853525,-0.9920664321468098,0.0420402675631214,36.43410852713178,2.526364364820478,0.0641687688222311
Leve Premio (0.5 a 1.5),303,1.2798919160165396,0.7843197189595363,0.0396767681100626,58.08580858085809,32.25796718644464,1.240215147906477
Caro (1.5 a 2.5),228,0.9779032208924388,0.7833415394997489,0.0401627742060755,60.50420168067227,24.348497230951047,0.9377404466863632
Muito Caro (>2.5),13,-4.361427475977493,-5.769225866605399,0.0509322898729797,15.384615384615383,-85.63187324234991,-4.412359765850472
Muito Barato (<-2.5),15,3.5003158045478893,0.6884675085537362,0.1263110011854806,53.333333333333336,27.711883715465042,3.374004803362409
Barato (-2.5 a -1.5),157,-1.2438934751956543,-2.470578588380845,0.0957271602230651,39.490445859872615,-12.994154002928303,-1.3396206354187195
Leve Desc (-1.5 a -0.5),373,-0.1600854504580557,-1.0227189705951156,0.0690555755720671,42.78215223097113,-2.318211770934805,-0.2291410260301228
Neutro,172,-1.592244466977397,-3.818431152766705,0.0821009030299444,33.33333333333333,-19.39375072406831,-1.6743453700073414
Leve Premio (0.5 a 1.5),129,-3.574883631807319,-2.8588124404565263,0.0704167358440761,30.23255813953488,-50.76752760814791,-3.6453003676513953
Caro (1.5 a 2.5),54,-0.1574320526536994,0.7878388646535561,0.0609254506000295,55.55555555555556,-2.5840112550535967,-0.21835750325372888
Muito Caro (>2.5),14,-0.7746469154802061,-0.2020378461798144,0.0416625444640566,42.85714285714285,-18.593365020111765,-0.8163094599442627
Muito Barato (<-2.5),4,8.052112520324373,11.078286589557097,0.0917183282814468,75.0,87.79174875302914,7.960394192042926
Barato (-2.5 a -1.5),147,0.8785089183839297,0.2814962120916586,0.076953719779787,51.70068027210885,11.416068118368134,0.8015551986041427
Leve Desc (-1.5 a -0.5),461,-0.6049965103456221,-0.9860356256922388,0.0856067986051787,44.03470715835141,-7.067154865453275,-0.6906033089508008
Neutro,167,1.7793444965691956,0.8097183281302378,0.1079036395008549,52.66272189349112,16.490124784576643,1.6714408570683408
Leve Premio (0.5 a 1.5),79,-4.447014340985502,-4.538090922425275,0.1008287925911351,22.89156626506024,-44.1046072515588,-4.547843133576637
Caro (1.5 a 2.5),32,-3.366521949653973,-2.5430318791973603,0.1083038455892871,38.88888888888889,-31.08404784938611,-3.47482579524326
Muito Caro (>2.5),24,2.8542465522410696,4.901676326960613,0.0860746208416297,62.5,33.160140482436866,2.76817193139944
Muito Barato (<-2.5),19,-2.038889852950612,1.5151500555948827,0.1662202734250457,52.63157894736842,-12.266192316208791,-2.205110126375658
Barato (-2.5 a -1.5),100,0.1099670548412013,0.0,0.1246561398656081,49.0,0.8821631576077498,-0.0146890850244068
Leve Desc (-1.5 a -0.5),420,-0.8924435737669982,-1.5854910299224867,0.1284693165546061,43.8388625592417,-6.9467448785011525,-1.0209128903216043
Neutro,171,-1.9480881764604128,-1.6447352942006832,0.1301677916439685,44.1340782122905,-14.965976889450465,-2.078255968104381
Leve Premio (0.5 a 1.5),145,-1.3169520964473949,0.9202445238506662,0.104078752287445,52.41379310344828,-12.653419212375006,-1.4210308487348398
Caro (1.5 a 2.5),57,-4.410593557103066,-4.016060411629196,0.0840498740423763,28.07017543859649,-52.47590855880906,-4.494643431145443
Muito Caro (>2.5),2,-9.400277512575228,-9.400277512575228,0.0297571307295563,0.0,-315.89998653124195,-9.430034643304785
Muito Barato (<-2.5),7,1.7095328181439124,1.5872857723266742,0.0276518470131208,71.42857142857143,61.82345633220388,1.6818809711307916
Barato (-2.5 a -1.5),57,1.087889357964352,0.9006279402975048,0.0377814244040152,63.1578947368421,28.79429101287262,1.050107933560337
Leve Desc (-1.5 a -0.5),62,1.2724601000041138,1.4405961686826618,0.0493158714497987,61.29032258064516,25.80224249909438,1.223144228554315
Neutro,235,1.8506654055551024,0.9501186955288788,0.0507251797434985,62.97872340425532,36.48415596414221,1.799940225811604
Leve Premio (0.5 a 1.5),331,1.223649885315914,0.8304439687983889,0.0436239147916575,61.027190332326285,28.049978162435405,1.1800259705242564
Caro (1.5 a 2.5),179,0.746602936514267,0.2305232000545221,0.0507971832938505,51.11111111111111,14.697722853993909,0.6958057532204165
Muito Caro (>2.5),43,-0.0645768682083221,1.017169775859239,0.0435111299963218,46.15384615384615,-1.4841459352959843,-0.1080879982046439
Muito Barato (<-2.5),7,-2.2778826632602205,-3.8125524771825625,0.076612489467082,14.285714285714285,-29.73252337018016,-2.3544951527273024
Barato (-2.5 a -1.5),84,0.3040487449352864,-0.4237931769857317,0.0582503908988582,48.80952380952381,5.219685825688774,0.2457983540364282
Leve Desc (-1.5 a -0.5),132,2.438916831430792,1.0916047460827083,0.0787059120059678,57.57575757575758,30.987720468293958,2.360210919424824
Neutro,144,-0.0010773575048741,0.0222025589781349,0.0791072263269751,50.0,-0.01361895165938558,-0.0801845838318492
Leve Premio (0.5 a 1.5),295,1.1484327505236804,1.644466309393966,0.0761799962802975,58.30508474576271,15.075253236070942,1.0722527542433828
Caro (1.5 a 2.5),213,2.19102615338559,1.7373320953364413,0.0740300311417429,56.81818181818182,29.596450116224496,2.116996122243847
Muito Caro (>2.5),39,3.2652668425912363,1.9858236437622745,0.0550312938373015,69.04761904761905,59.334726763106474,3.2102355487539347
Muito Barato (<-2.5),4,2.215703816652104,-0.2662772072000996,0.0610686658220267,50.0,36.28217106997541,2.1546351508300776
Barato (-2.5 a -1.5),20,2.773569597630891,4.926024716014799,0.0667053415306395,70.0,41.579422163328495,2.7068642561002516
Leve Desc (-1.5 a -0.5),44,6.914163956509395,6.686431801457193,0.0633658444772728,88.63636363636364,109.11499569573759,6.8507981120321215
Neutro,116,3.2841267192722143,2.797802067299626,0.0764449801561203,70.6896551724138,42.96065836637703,3.207681739116094
Leve Premio (0.5 a 1.5),288,1.910177681314156,2.2456105460260445,0.070134149080647,61.458333333333336,27.236056601778873,1.840043532233509
Caro (1.5 a 2.5),394,1.97729990319011,1.8850384442382293,0.0651906029905112,61.13861386138614,30.3310566577649,1.9121093001995988
Muito Caro (>2.5),48,-1.030615864472798,-1.4513553663225154,0.0516444760278506,41.66666666666667,-19.955974458159627,-1.0822603405006486
Muito Barato (<-2.5),22,-4.461813392136696,-3.99676991324619,0.0742807489708662,22.727272727272727,-60.06688669522955,-4.536094141107562
Barato (-2.5 a -1.5),121,0.0323022511093595,0.234732805744442,0.0969042075740427,50.413223140495866,0.33334208683700206,-0.0646019564646832
Leve Desc (-1.5 a -0.5),188,-1.0246548635721455,-1.7451576474228905,0.1066844591840611,42.02127659574468,-9.60453717255844,-1.1313393227562065
Neutro,123,-3.355957671983977,-3.324465198495463,0.070596791512688,29.268292682926827,-47.5369709095612,-3.426554463496665
Leve Premio (0.5 a 1.5),242,4.271547227736892,3.993966111755976,0.0911948760394285,63.63636363636363,46.83977177676407,4.180352351697464
Caro (1.5 a 2.5),205,2.43178687858237,1.5827368268513942,0.0728065868888968,53.301886792452834,33.400643390860296,2.3589802916934732
Muito Caro (>2.5),13,-0.7987245174532155,-2.31053610953047,0.0670210001377206,18.75,-11.917525908213856,-0.8657455175909361
Muito Barato (<-2.5),12,-1.6969451875500707,-0.8390561831652432,0.036985023525489,33.33333333333333,-45.88195382648958,-1.7339302110755597
Barato (-2.5 a -1.5),55,0.5181822032883351,-0.0255839509734512,0.0345689831508715,49.09090909090909,14.989801292013711,0.4836132201374636
Leve Desc (-1.5 a -0.5),140,0.1658559499683813,-0.1885788789736053,0.0385212305494406,47.85714285714286,4.305572363529219,0.1273347194189407
Neutro,185,0.5735066620586057,0.2079045617218389,0.0377002172941228,53.51351351351351,15.212290220293271,0.5358064447644829
Leve Premio (0.5 a 1.5),266,0.6858921486974071,0.5979398594866625,0.0425166234427965,53.64963503649635,16.132328417093245,0.6433755252546106
Caro (1.5 a 2.5),221,0.1749028652017373,-0.0483942300135376,0.0279033664327592,48.4304932735426,6.2681633542336295,0.1469994987689781
Muito Caro (>2.5),35,-2.738416972548066,-1.1162802731654708,0.0407544402828895,22.857142857142858,-67.19309322730854,-2.7791714128309555
Muito Barato (<-2.5),15,-0.6210807659810236,-0.052479536432648,0.0517661865730737,46.66666666666666,-11.997807740898427,-0.6728469525540973
Barato (-2.5 a -1.5),81,0.1471052608731457,0.0552464726933266,0.0598013280881028,51.85185185185185,2.459899522574518,0.08730393278504292
Leve Desc (-1.5 a -0.5),160,0.6102136447642194,0.0256001946431494,0.0531675449383327,50.0,11.477182818856944,0.5570460998258866
Neutro,214,1.2067962849888845,-0.2837143838479106,0.0582204913504656,47.19626168224299,20.72803297032292,1.1485757936384189
Leve Premio (0.5 a 1.5),229,0.0018270623226699,-0.1534174665885457,0.0441398639739175,47.59825327510917,0.04139256709891437,-0.042312801651247595
Caro (1.5 a 2.5),161,1.1470792213106555,1.0125865066809014,0.0527371834780575,58.68263473053892,21.75086198975836,1.094342037832598
Muito Caro (>2.5),53,2.983297937014714,3.194432455997553,0.0437208248267502,70.17543859649122,68.23516895212464,2.939577112187964
Muito Barato (<-2.5),13,0.7055276226230726,0.9412569926441794,0.0526540530850923,53.84615384615385,13.399302957430306,0.6528735695379803
Barato (-2.5 a -1.5),66,-0.3147746703111707,-0.0001517286583596,0.0550099042122748,50.0,-5.722145295406408,-0.3697845745234455
Leve Desc (-1.5 a -0.5),123,1.90023863142092,0.4083604831050857,0.0663531760051014,51.21951219512195,28.638246383814067,1.8338854554158186
Neutro,208,0.630464679036843,-0.0122028894531667,0.0440096173115757,49.51923076923077,14.325611155573554,0.5864550617252673
Leve Premio (0.5 a 1.5),251,0.5423022886981684,0.1838675911349119,0.0513165023580361,52.589641434262944,10.567795021311493,0.49098578634013235
Caro (1.5 a 2.5),184,0.9156723493995816,0.5417708469138693,0.0446824309313555,52.87958115183245,20.492894182803347,0.8709899184682262
Muito Caro (>2.5),68,3.032662016180724,3.5749693128783733,0.0507978195730538,73.23943661971832,59.70063246747695,2.9818641966076704
Muito Barato (<-2.5),11,2.2234744371684814,4.605842002042837,0.0503403061359977,63.63636363636363,44.16886911638455,2.1731341310324837
Barato (-2.5 a -1.5),31,2.014620682365318,3.0185734575316703,0.0520262182859026,64.51612903225806,38.72318054276172,1.9625944640794153
Leve Desc (-1.5 a -0.5),82,4.341424926213288,4.567888761087868,0.0841470968218242,73.17073170731707,51.59328174818296,4.257277829391464
Neutro,216,4.068132991376181,4.206008467740496,0.0714549383643809,69.44444444444444,56.932845056811814,3.9966780530117996
Leve Premio (0.5 a 1.5),310,2.0853146043147346,1.9735123191590545,0.0842732500651763,58.97435897435898,24.744679693227546,2.0010413542495584
Caro (1.5 a 2.5),236,0.8130045759512067,-0.1954660114098561,0.0712211026892452,47.13114754098361,11.415220122093883,0.7417834732619615
Muito Caro (>2.5),27,-1.40998131669021,-2.624786244715493,0.0926321242841937,33.33333333333333,-15.221299439739857,-1.5026134409744036
Muito Barato (<-2.5),17,0.1659670561226348,-0.6505636339174115,0.0351932975947595,47.05882352941176,4.71587099673994,0.1307737585278753
Barato (-2.5 a -1.5),100,-0.5524325622660073,-1.1635082472939762,0.0601015066298013,45.0,-9.19165897915153,-0.6125340688958086
Leve Desc (-1.5 a -0.5),132,0.5433809694560369,-0.2288057725035264,0.0572794939885315,48.48484848484848,9.486483244393698,0.4861014754675054
Neutro,193,0.5045722303421099,0.1566131822430483,0.0507931936208051,50.77720207253886,9.93385499984746,0.45377903672130476
Leve Premio (0.5 a 1.5),248,0.6678545930872182,0.1912859676625355,0.0514626563301812,51.20967741935484,12.977460312674971,0.616391936757037
Caro (1.5 a 2.5),186,0.8640529169865365,0.6517827569491486,0.0496294152441399,53.333333333333336,17.410096317394455,0.8144235017423966
Muito Caro (>2.5),38,-0.4826807834692348,0.1076582768485212,0.0347750609997834,51.28205128205128,-13.88008405196348,-0.5174558444690183
Muito Barato (<-2.5),10,0.1410237149154369,1.0119036519947056,0.0263560776593999,60.0,5.350709289416267,0.11466763725603699
Barato (-2.5 a -1.5),134,0.1320982900635808,-0.4485410681656476,0.0461280838501103,46.26865671641791,2.8637280410150154,0.08597020621347048
Leve Desc (-1.5 a -0.5),169,-0.2218740517330468,-1.1496371483356804,0.0497406859940808,36.68639053254438,-4.460614944048724,-0.27161473772712763
Neutro,136,0.3692550042341216,0.2349202148298812,0.0498430519280647,51.47058823529412,7.408354475538323,0.3194119523060569
Leve Premio (0.5 a 1.5),241,1.5158161746567638,1.461794741428779,0.0497162842212242,59.42622950819673,30.489328957539495,1.4660998904355396
Caro (1.5 a 2.5),217,0.0010445961302595,0.3949862949313987,0.0406370093774602,50.89285714285714,0.02570553592788159,-0.0395924132472007
Muito Caro (>2.5),7,1.2092595691946937,3.493775504082408,0.0549879628575847,71.42857142857143,21.991350185771534,1.154271606337109
Muito Barato (<-2.5),7,2.9782119289027267,2.443683532797692,0.0306500164848706,85.71428571428571,97.16835986709717,2.9475619124178563
Barato (-2.5 a -1.5),109,0.9549171412882896,0.0,0.0497006757599677,49.54128440366973,19.21336294674854,0.9052164655283219
Leve Desc (-1.5 a -0.5),94,-0.4383668092068351,-1.5512376678034234,0.0471388657569557,35.1063829787234,-9.299477042310329,-0.48550567496379077
Neutro,141,0.6816013145428241,0.5846124830341637,0.0485719973408339,53.191489361702125,14.032803628130944,0.6330293172019902
Leve Premio (0.5 a 1.5),339,1.1550377545967805,0.7410102541101526,0.0434759161072178,57.647058823529406,26.567300506813762,1.1115618384895627
Caro (1.5 a 2.5),204,0.4797980098207395,0.2952275532947856,0.039443139631708,50.70422535211267,12.164295290295266,0.4403548701890315
Muito Caro (>2.5),20,-1.258239475848556,-0.0253747264428116,0.0404359809784778,50.0,-31.11682749582435,-1.2986754568270338
Muito Barato (<-2.5),5,5.121297260252651,5.172396838227633,0.0303465743016122,100.0,168.76030357140746,5.0909506859510385
Barato (-2.5 a -1.5),103,1.770467839221063,-0.3095976267190714,0.0755217665047556,48.54368932038835,23.443146230781434,1.6949460727163075
Leve Desc (-1.5 a -0.5),176,1.3588563772684144,0.2630029696234714,0.0837204107974443,51.70454545454546,16.23088501470911,1.27513596647097
Neutro,209,-0.2387132999455226,-0.6401063572358034,0.0788589351278731,46.411483253588514,-3.027092573991093,-0.3175722350733957
Leve Premio (0.5 a 1.5),155,-0.9190692016378572,-2.295736093821432,0.1092793818358874,41.29032258064516,-8.41027079204948,-1.0283485834737447
Caro (1.5 a 2.5),182,1.5050167016614198,2.2334283444866987,0.0828395684279311,52.9100529100529,18.167847950619258,1.4221771332334887
Muito Caro (>2.5),84,1.8271064271140556,2.3858786501407936,0.0648861415809603,62.06896551724138,28.15865382711451,1.7622202855330953
Muito Barato (<-2.5),11,0.2691106379019804,0.8237176533960833,0.0359956987055567,54.54545454545454,7.476188547612466,0.23311493919642373
Barato (-2.5 a -1.5),71,0.7135739382211512,0.4129306858938086,0.0469011665332981,54.929577464788736,15.214417374888162,0.6666727716878531
Leve Desc (-1.5 a -0.5),181,0.4132596911624727,-0.8866379989714401,0.0523332829279781,39.77900552486188,7.896689451615673,0.36092640823449457
Neutro,171,0.2814160948064314,0.0217690064439723,0.0506954794452312,50.29239766081871,5.55110815273679,0.23072061536120023
Leve Premio (0.5 a 1.5),219,0.9365632678842536,1.2422210622895502,0.0539904359365196,57.77777777777777,17.3468362366735,0.882572831947734
Caro (1.5 a 2.5),208,0.1191387023392986,0.0,0.0466103733969226,48.58490566037736,2.5560554679252823,0.072528328942376
Muito Caro (>2.5),53,-1.2032960784038855,-2.0331990871509498,0.0513560448636983,33.9622641509434,-23.43046584227878,-1.2546521232675838
Muito Barato (<-2.5),8,2.108906384408589,3.193768381896467,0.0517826270809716,62.5,40.72613659374199,2.0571237573276173
Barato (-2.5 a -1.5),95,1.1276788077878916,1.557383100233389,0.0541317888259434,56.84210526315789,20.83209905702095,1.0735470189619483
Leve Desc (-1.5 a -0.5),220,0.9816969660517004,2.149283427922477,0.051249471716178,66.36363636363637,19.155259830445175,0.9304474943355224
Neutro,292,0.60391616498251,0.3982834213181352,0.0548190513896514,53.42465753424658,11.016537839616428,0.5490971135928586
Leve Premio (0.5 a 1.5),162,-1.170391152454609,-0.915800338150341,0.0655636507609781,45.67901234567901,-17.851219708161487,-1.235954803215587
Caro (1.5 a 2.5),94,0.0524819125910154,1.7038538511717216,0.0741280900121482,54.54545454545454,0.707989533716909,-0.021646177421132805
Muito Caro (>2.5),43,-1.9146239660141529,-1.47784071911079,0.0546981394285151,33.33333333333333,-35.00345626038917,-1.969322105442668
Muito Barato (<-2.5),9,3.5011929191936866,2.6875785947977127,0.0420125317956072,77.77777777777779,83.3368684584465,3.4591803873980793
Barato (-2.5 a -1.5),73,1.2905361094537215,0.950369159750597,0.0509242954758034,53.42465753424658,25.342247193673412,1.2396118139779182
Leve Desc (-1.5 a -0.5),194,1.3966754928809726,2.4930353977810293,0.0540501517188452,69.0721649484536,25.840361638682396,1.3426253411621274
Neutro,279,0.2669871606039137,0.5893925795271704,0.0519704297697045,54.83870967741935,5.137289736677543,0.2150167308342092
Leve Premio (0.5 a 1.5),192,0.5471836867210085,0.7515312391373707,0.0583552676729402,56.25,9.376765785927088,0.4888284190480683
Caro (1.5 a 2.5),121,-0.982254647838354,-1.009882200861134,0.0755493636007938,46.774193548387096,-13.001494493416738,-1.0578040114391478
Muito Caro (>2.5),46,-0.3989629161926165,-0.20261567403832,0.0603175542313901,41.50943396226416,-6.614374781307293,-0.45928047042400655
Muito Barato (<-2.5),19,-8.175999118595442,-8.13559839280985,0.0884354747074725,10.526315789473683,-92.451576171084,-8.264434593302914
Barato (-2.5 a -1.5),90,-6.517132836417996,-8.250441126840997,0.1223755977954719,29.0,-53.25516606713545,-6.639508434213468
Leve Desc (-1.5 a -0.5),235,-1.50884621554616,-2.4963318782837085,0.1372886204902647,45.53191489361702,-10.990322425614522,-1.6461348360364245
Neutro,235,1.3833558930312744,1.3274359685016224,0.1223114085086133,54.04255319148936,11.310113247724914,1.2610444845226612
Leve Premio (0.5 a 1.5),251,-1.1569013347770627,-0.702571397975571,0.0925200481129066,45.0199203187251,-12.504331178696644,-1.2494213828899694
Caro (1.5 a 2.5),71,-7.724591594375663,-6.741573033707871,0.1003046381796656,16.901408450704224,-77.01130932278595,-7.824896232555329
Muito Caro (>2.5),13,-1.3708124890545248,-0.3546135427527019,0.0682028370364093,46.15384615384615,-20.099053478137265,-1.4390153260909342
Muito Barato (<-2.5),26,0.8502019199587233,-0.0014975507688419,0.0654075911112448,50.0,12.998520393667839,0.7847943288474785
Barato (-2.5 a -1.5),129,-1.885782193019032,-2.1017200650672363,0.0579992389450197,35.65891472868217,-32.5139121617224,-1.9437814319640516
Leve Desc (-1.5 a -0.5),202,-0.7864903710997649,-0.8535067952946396,0.0566803416965425,45.04950495049505,-13.87589301127745,-0.8431707127963074
Neutro,143,1.6930317760110385,2.286663301043768,0.0665986756650649,62.23776223776224,25.421402658277408,1.6264331003459735
Leve Premio (0.5 a 1.5),228,-0.2652677558570278,-0.4842598510116258,0.0610180471893945,43.22033898305085,-4.347365471829919,-0.3262858030464223
Caro (1.5 a 2.5),133,-0.4209719118790163,-0.6745077144415412,0.0473703413250555,45.92592592592592,-8.886824355000543,-0.4683422532040718
Muito Caro (>2.5),53,2.181761686255969,2.0647305566385388,0.0519071408935041,62.264150943396224,42.032013450715624,2.129854545362465
Muito Barato (<-2.5),24,0.6181988514998331,1.4609657862428516,0.0341907518669505,62.5,18.080878590345318,0.5840080996328826
Barato (-2.5 a -1.5),97,-0.2966614749415947,-0.7996297656045925,0.0506868286602739,45.36082474226804,-5.852831532963382,-0.34734830360186864
Leve Desc (-1.5 a -0.5),142,0.9627253693988695,0.636146199748111,0.0579499888871794,56.33802816901409,16.61303774639413,0.9047753805116902
Neutro,197,0.7324940073646639,0.0938513950738295,0.0479123448878013,50.76142131979695,15.288210038389295,0.6845816624768626
Leve Premio (0.5 a 1.5),244,0.1645672957931206,0.0753722683128121,0.0481690557323187,50.40983606557376,3.4164525310852785,0.1163982400608019
Caro (1.5 a 2.5),198,0.4880984413080898,1.2483253162789865,0.0474282669922772,57.692307692307686,10.29129803743977,0.4406701743158126
Muito Caro (>2.5),12,2.424306845006317,2.4343064582570184,0.0260211504777966,83.33333333333334,93.1667780757103,2.3982856945285205
Muito Barato (<-2.5),28,-0.3707672563495138,-0.3849941254819189,0.0644430280972581,39.285714285714285,-5.753411370374101,-0.4352102844467719
Barato (-2.5 a -1.5),115,4.352993661282301,0.6410219573724785,0.1752640313423651,52.17391304347826,24.836776850934566,4.177729629939935
Leve Desc (-1.5 a -0.5),282,-0.2936660887944365,0.452190513659656,0.1300621666296127,51.77304964539007,-2.2578901624239442,-0.42372825542404924
Neutro,180,-0.3072729657901974,-0.7056826252186954,0.1189582862105264,44.19889502762431,-2.5830311867755893,-0.4262312520007238
Leve Premio (0.5 a 1.5),218,0.5047673480438903,-0.7616490388068275,0.0972014502893425,45.33333333333333,5.193002175876305,0.4075658977545478
Caro (1.5 a 2.5),88,-1.4096825666722288,-1.4491409791831722,0.1198251610623738,42.22222222222222,-11.76449538986171,-1.5295077277346025
Muito Caro (>2.5),3,-13.91518848825186,-15.9101164742802,0.0717023001778598,0.0,-194.06892470207893,-13.98689078842972
Muito Barato (<-2.5),5,-2.556797971251114,-1.1799429832500152,0.0465021174711732,40.0,-54.98239769089403,-2.6033000887222872
Barato (-2.5 a -1.5),53,0.8101184289587652,0.983605217858674,0.0419889988507406,58.490566037735846,19.29358717374823,0.7681294301080246
Leve Desc (-1.5 a -0.5),103,1.4900272427451513,2.511074029071736,0.0508462756872691,59.22330097087378,29.304549709894975,1.4391809670578821
Neutro,159,0.7214771110859006,0.4598951123876205,0.0509533646813478,52.20125786163522,14.159557498083146,0.6705237464045528
Leve Premio (0.5 a 1.5),313,0.9217764781823016,0.5830900316221799,0.0389517731447321,54.9520766773163,23.664556966193132,0.8828247050375695
Caro (1.5 a 2.5),250,0.7020827946574392,0.914398415602702,0.0372600606699046,55.76923076923077,18.84277060186725,0.6648227339875346
Muito Caro (>2.5),31,0.1542129326874185,0.0909201966560191,0.0185229748393268,51.61290322580645,8.32549445753762,0.1356899578480917
Muito Barato (<-2.5),4,-0.9873299033309356,-2.9645788766969163,0.0710700105157223,25.0,-13.892356034197572,-1.058399913846658
Barato (-2.5 a -1.5),42,1.786487569195407,3.1478568502547155,0.0500311487300722,66.66666666666666,35.70750580056336,1.7364564204653348
Leve Desc (-1.5 a -0.5),103,2.199644040853135,2.663764401697577,0.0482244195985874,66.01941747572816,45.61265876396175,2.1514196212545476
Neutro,128,0.2137002721380465,-0.6335135139294013,0.0538535459766808,46.09375,3.9681745053966666,0.1598467261613657
Leve Premio (0.5 a 1.5),325,1.2787661968924446,1.396568624738603,0.0438284317890819,59.07692307692308,29.17663524603595,1.2349377651033628
Caro (1.5 a 2.5),257,0.2465046964782698,0.2263367423128937,0.0404364674150052,50.56179775280899,6.096098550159159,0.2060682290632646
Muito Caro (>2.5),55,1.437456670299964,1.3358765361658698,0.0253756494564103,69.0909090909091,56.647086653766515,1.4120810208435537
Muito Barato (<-2.5),10,-2.2096014096219494,-1.7761384473145236,0.0366657758320122,40.0,-60.26331910940962,-2.2462671854539615
Barato (-2.5 a -1.5),101,-0.0565531292191126,-0.568175205572341,0.0445045032381025,40.5940594059406,-1.2707282147566241,-0.1010576324572151
Leve Desc (-1.5 a -0.5),218,1.0940173028899798,1.0925595074552708,0.0428247397185375,59.3607305936073,25.546384742416283,1.0511925631714423
Neutro,228,0.6253470182965112,0.814296284945315,0.0444645387443981,54.46808510638298,14.063948978023461,0.580882479552113
Leve Premio (0.5 a 1.5),189,-0.0937592603481935,-0.6025834170815147,0.0567466189583514,45.0261780104712,-1.6522439647860463,-0.1505058793065449
Caro (1.5 a 2.5),136,-0.3958726684999663,-0.4840603442284763,0.050386515681835,42.64705882352941,-7.856718316126099,-0.44625918418180127
Muito Caro (>2.5),32,-1.6973654390432875,-0.7856911759020424,0.0443117734331658,43.75,-38.30506588273453,-1.7416772124764532
Muito Barato (<-2.5),8,-1.5980335022858312,-2.4908676157394503,0.0471326791502907,25.0,-33.90499961364864,-1.6451661814361218
Barato (-2.5 a -1.5),157,0.8478132510824119,-0.356312191561059,0.081598238837028,47.77070063694268,10.390092393851951,0.7662150122453839
Leve Desc (-1.5 a -0.5),162,0.5141776822559435,-1.2943775219517395,0.0933306924285948,46.913580246913575,5.509202421702022,0.4208469898273487
Neutro,219,0.7623317464686625,1.7380665733901737,0.0722249106185466,54.38596491228071,10.554969599615317,0.6901068358501159
Leve Premio (0.5 a 1.5),200,-0.8789722224130476,-0.1553828511350774,0.0793410403112929,47.76119402985074,-11.078405424053091,-0.9583132627243405
Caro (1.5 a 2.5),134,-2.4944504811054333,-2.249295765562709,0.0859736865501819,35.07462686567165,-29.014115273925526,-2.5804241676556154
Muito Caro (>2.5),34,2.8523205607540274,2.2834359174272567,0.0687343986473563,70.58823529411765,41.49771548726599,2.7835861621066713
Muito Barato (<-2.5),17,5.842624500873046,2.9268223991332887,0.1174552196446364,70.58823529411765,49.74342109960397,5.72516928122841
Barato (-2.5 a -1.5),122,-0.992528457807806,-2.1202613289026004,0.1259364116388589,40.16393442622951,-7.881187315173306,-1.1184648694466648
Leve Desc (-1.5 a -0.5),215,1.8714297985717463,0.3610072738488901,0.1123239575969065,51.16279069767442,16.661002887974135,1.75910584097484
Neutro,217,-0.961094773598696,-2.3364459282943506,0.1275808149564899,38.70967741935484,-7.533223285908967,-1.088675588555186
Leve Premio (0.5 a 1.5),181,0.0013265392931033,-0.2481446243475904,0.1050469129352972,47.82608695652174,0.012628065341551788,-0.1037203736421939
Caro (1.5 a 2.5),139,-0.919359845731482,-2.1301595125016397,0.1020896008807936,41.0958904109589,-9.005421010505907,-1.0214494466122757
Muito Caro (>2.5),23,-2.5345043576378434,-5.162742444904344,0.0894114141309106,34.78260869565217,-28.346541142727478,-2.623915771768754
Muito Barato (<-2.5),35,-2.1656659909105263,-7.142858604302416,0.1884234123840653,31.428571428571427,-11.493614047295853,-2.3540894032945916
Barato (-2.5 a -1.5),107,-2.8820094242587726,-6.075942016222468,0.1656303555143153,38.31775700934579,-17.40024887291529,-3.047639779773088
Leve Desc (-1.5 a -0.5),354,-1.2909845072145507,-2.84434901122298,0.1459607388562609,40.67796610169492,-8.844738033569064,-1.4369452460708116
Neutro,187,2.428265452401379,0.5128235096400591,0.152932520638388,50.80213903743316,15.87801879147106,2.2753329317629913
Leve Premio (0.5 a 1.5),165,-2.14228290268365,-3.116532031077268,0.1211937242203852,40.46242774566474,-17.676516657838572,-2.263476626904035
Caro (1.5 a 2.5),57,0.3891811425172347,-6.451623125520944,0.1883941730738245,32.20338983050847,2.065781197484002,0.20078696944341018
Muito Caro (>2.5),9,8.0762105289072,4.187440665248521,0.1262653698720659,77.77777777777779,63.96219702304717,7.949945159035135
Muito Barato (<-2.5),17,1.8406537332062152,2.929689428128812,0.0979448405784116,58.82352941176471,18.792758286638758,1.7427088926278036
Barato (-2.5 a -1.5),97,2.316631674711546,-0.3898643966333881,0.1176546048548757,48.45360824742268,19.690106119339337,2.19897706985667
Leve Desc (-1.5 a -0.5),217,-0.5940670888093846,-1.886787229650111,0.1064887659901663,40.55299539170507,-5.57868313814023,-0.700555854799551
Neutro,230,1.292419180756602,-0.3272536671425963,0.1065702162077759,48.26086956521739,12.127395576541064,1.185848964548826
Leve Premio (0.5 a 1.5),149,-1.3771397413241144,-1.3864804847574463,0.1167920141734714,43.62416107382551,-11.791386074455913,-1.4939317554975857
Caro (1.5 a 2.5),135,-1.0966756496169816,-2.758135317209676,0.109525997719952,39.436619718309856,-10.012925355020787,-1.2062016473369337
Muito Caro (>2.5),69,3.491734811791868,3.087248657207331,0.0953493754719097,56.94444444444444,36.62042627851422,3.3963854363199584
Muito Barato (<-2.5),8,4.227635508076297,3.871096118599615,0.0350624416693352,87.5,120.57447189136339,4.192573066406962
Barato (-2.5 a -1.5),62,0.1906408147471822,0.3448987948967308,0.0385917863934199,54.83870967741935,4.939932240082963,0.1520490283537623
Leve Desc (-1.5 a -0.5),145,-0.3389550739668073,-0.8496398096074276,0.0495902902780383,39.310344827586206,-6.835109559376956,-0.3885453642448456
Neutro,179,1.2307585814105424,0.6145063174510579,0.0513481629700204,54.18994413407822,23.968891704270483,1.179410418440522
Leve Premio (0.5 a 1.5),318,1.138404848352423,1.3816744507448298,0.0415956743946562,60.92307692307693,27.36834628964034,1.0968091739577668
Caro (1.5 a 2.5),192,-0.6213089542806925,-0.5461024852686902,0.0421906726915035,45.12820512820513,-14.726215533406235,-0.663499626972196
Muito Caro (>2.5),10,-3.161774402422244,-2.9496583010388324,0.0633698212122618,30.0,-49.894007779154755,-3.225144223634506
Muito Barato (<-2.5),7,-14.911455566084571,-14.05124246648012,0.130972135725132,14.285714285714285,-113.85212106128249,-15.042427701809704
Barato (-2.5 a -1.5),122,-1.1738678940452394,-1.4834824452802375,0.1308696113027015,43.44262295081967,-8.969751444896788,-1.3047375053479409
Leve Desc (-1.5 a -0.5),306,2.2332506318268672,5.551115123125783e-15,0.1137034512245261,50.0,19.6410099089775,2.119547180602341
Neutro,272,-0.2449609088241434,-0.6483401926320687,0.0981025671744553,45.588235294117645,-2.496987728073853,-0.3430634759985987
Leve Premio (0.5 a 1.5),138,-5.430224737588752,-2.7070461323770614,0.2149537148541335,35.810810810810814,-25.262297588163932,-5.645178452442885
Caro (1.5 a 2.5),57,-3.730000263300752,-5.233639961913639,0.1111931541259471,31.57894736842105,-33.54523269958323,-3.841193417426699
Muito Caro (>2.5),12,-5.895791157394712,-4.433815432665228,0.1660966065403284,33.33333333333333,-35.49615639177464,-6.061887763935041
Muito Barato (<-2.5),7,2.8055790151519457,4.750022410211896,0.0618959472683944,57.14285714285714,45.32734522438109,2.7436830678835515
Barato (-2.5 a -1.5),49,3.9216776189454574,4.700467078211967,0.0480439304488697,81.63265306122449,81.62690897015923,3.8736336884965876
Leve Desc (-1.5 a -0.5),128,4.336143899399601,4.280967591330242,0.056225499790936,74.61538461538461,77.12059187383213,4.279918399608665
Neutro,219,0.0756891318913011,-0.6328270326062313,0.0692674031886401,45.81497797356828,1.0927092299456225,0.006421728702661
Leve Premio (0.5 a 1.5),249,0.8229503389436137,1.604944303302713,0.0733126730571869,57.0281124497992,11.225212414182009,0.7496376658864268
Caro (1.5 a 2.5),224,0.0345022673544803,-0.540142233393015,0.0703864176030941,47.767857142857146,0.4901835899484681,-0.03588415024861379
Muito Caro (>2.5),38,2.998841198619131,2.567941585500655,0.0756763479116848,63.1578947368421,39.62719187363035,2.923164850707446
Muito Barato (<-2.5),7,1.8158039348417896,2.25398639097858,0.0495535900500188,57.14285714285714,36.64323606757256,1.7662503447917708
Barato (-2.5 a -1.5),41,4.0552995195854376,4.603091361690681,0.0501631558201176,80.48780487804879,80.84219129444993,4.00513636376532
Leve Desc (-1.5 a -0.5),133,4.498491422996818,4.229115139142126,0.0518190830071693,78.94736842105263,86.81148092803879,4.446672339989648
Neutro,236,-0.0546269132661538,0.1352432180940055,0.0639897006762084,48.57142857142857,-0.8536828870146815,-0.1186166139423622
Leve Premio (0.5 a 1.5),202,0.0618068843457455,-0.3110716755866716,0.0698582723806132,47.29064039408867,0.8847468074253594,-0.008051388034867706
Caro (1.5 a 2.5),257,1.1804487858645878,1.6817508943352877,0.0713833178166399,56.42023346303502,16.536759644039105,1.109065468047948
Muito Caro (>2.5),38,1.92543805025401,1.299368379303123,0.0760726282933997,63.1578947368421,25.31052322153754,1.8493654219606104
Muito Barato (<-2.5),7,1.562903034714596,0.4083896753290572,0.0460304578674315,57.14285714285714,33.953670529676515,1.5168725768471645
Barato (-2.5 a -1.5),109,2.027118861865029,1.088681198854924,0.0575094109802627,60.550458715596335,35.24847137301175,1.9696094508847661
Leve Desc (-1.5 a -0.5),164,1.8903106450554807,2.0630546595935884,0.0682683577899444,60.36585365853659,27.68941100329944,1.8220422872655364
Neutro,239,-0.0750650083029454,0.2518853204014126,0.0709176166405405,48.99598393574297,-1.058481810308783,-0.1459826249434859
Leve Premio (0.5 a 1.5),199,0.3502671170302772,0.6947406969572301,0.0763535359738546,53.266331658291456,4.587438001074104,0.2739135810564226
Caro (1.5 a 2.5),156,0.14115174480359,-0.5696488182988069,0.0517644062711842,46.15384615384615,2.7268108000178963,0.0893873385324058
Muito Caro (>2.5),40,1.8690246773513897,2.356826923769806,0.0704444953380992,55.00000000000001,26.531876505738413,1.7985801820132905
Muito Barato (<-2.5),9,-5.113953257600794,-4.36363284728265,0.0503775894945527,11.11111111111111,-101.51246233489,-5.164330847095346
Barato (-2.5 a -1.5),91,-0.9859930451865372,-1.5999989658327274,0.0652950453597164,40.65934065934066,-15.100579602235229,-1.0512880905462536
Leve Desc (-1.5 a -0.5),182,1.611449793743022,1.3817936970200728,0.0825241154201579,55.494505494505496,19.527016630370106,1.5289256783228642
Neutro,229,0.3281276615359575,0.5025096428714182,0.0739245840998558,53.7117903930131,4.43868113825366,0.2542030774361017
Leve Premio (0.5 a 1.5),270,0.3801123541370362,0.3680263779200388,0.0506462140737116,54.44444444444444,7.505247007773679,0.3294661400633246
Caro (1.5 a 2.5),110,0.300831926216517,0.8323412776783501,0.0539065229154324,50.42016806722689,5.58062186848584,0.2469254033010846
Muito Caro (>2.5),23,-0.4803808036702188,0.1521830212416697,0.0541104106149685,54.16666666666666,-8.87778875327076,-0.5344912142851873
Muito Barato (<-2.5),14,0.48704179938948,0.5113907046135568,0.0365378594227753,57.14285714285714,13.329784332031938,0.4505039399667047
Barato (-2.5 a -1.5),112,0.1539790007309599,-0.1524815642681476,0.0522306305121888,49.10714285714285,2.948059333631197,0.10174837021877112
Leve Desc (-1.5 a -0.5),210,1.402528045365208,0.3862305996942927,0.0611759161903449,51.388888888888886,22.926146591334838,1.3413521291748631
Neutro,178,0.0478578387754178,0.4828018233730469,0.0562200933002353,49.45054945054945,0.8512586001695394,-0.008362254524817501
Leve Premio (0.5 a 1.5),258,-0.7721942363510172,-1.013753251104016,0.0494629959158486,43.02325581395349,-15.611553777559239,-0.8216572322668658
Caro (1.5 a 2.5),132,-0.3432336612976472,0.0,0.0540957672077341,49.24242424242424,-6.344926279253299,-0.39732942850538133
Muito Caro (>2.5),10,-2.36263152689638,-1.656606718297593,0.0350989774939445,20.0,-67.31339851682567,-2.3977305043903243
Muito Barato (<-2.5),25,-4.891859501233885,-8.408896681765999,0.1507431932856484,32.0,-32.45161099587776,-5.042602694519533
Barato (-2.5 a -1.5),210,-1.0085854826275038,-1.7904332895883002,0.0943494681882285,42.65402843601896,-10.689890375698477,-1.1029349508157322
Leve Desc (-1.5 a -0.5),338,-2.2510074266841515,-2.287603991286508,0.0839639917257197,35.73487031700288,-26.809199439066543,-2.334971418409871
Neutro,175,-1.7791880262460793,-2.5906744374602497,0.0815822736227882,34.285714285714285,-21.808512136643742,-1.8607702998688675
Leve Premio (0.5 a 1.5),97,-1.953044298210195,-1.522841165181832,0.0758241240409484,37.11340206185567,-25.757557995630865,-2.0288684222511435
Caro (1.5 a 2.5),50,-0.4718299769457522,-1.4431411531077076,0.0834656914205658,36.0,-5.652981042418023,-0.5552956683663179
Muito Caro (>2.5),19,0.7799819338803465,1.0899034067522797,0.1016184067184648,52.63157894736842,7.67559688635643,0.6783635271618818
Muito Barato (<-2.5),1,-2.3696711603803045,-2.3696711603803045,,0.0,,
Barato (-2.5 a -1.5),62,2.981259384060211,0.6461327449478582,0.1010384609938242,54.83870967741935,29.50618334078002,2.8802209230663864
Leve Desc (-1.5 a -0.5),216,0.2813809651738737,-0.1299010990609639,0.093638580856283,48.61111111111111,3.004968247017439,0.18774238431759066
Neutro,236,-0.894494488724634,-1.5382784989215248,0.0791739612921026,41.94915254237288,-11.297836597144231,-0.9736684500167366
Leve Premio (0.5 a 1.5),177,1.6191879147798147,-0.921965822404902,0.0711719638382989,46.96132596685083,22.750361303900675,1.548015950941516
Caro (1.5 a 2.5),187,0.1612723604891034,0.8965079745119064,0.06460697278529,52.84974093264248,2.4962066947302617,0.0966653877038134
Muito Caro (>2.5),35,1.253200705108879,-0.2385864405594739,0.0686343621863697,45.71428571428572,18.259085491999667,1.1845663429225093
Muito Barato (<-2.5),24,4.293534515721344,2.6348833248032166,0.059004935129321,70.83333333333334,72.76568364231788,4.234529580592023
Barato (-2.5 a -1.5),146,1.7077454781974053,1.636420527769189,0.0632131174219125,59.61538461538461,27.01568156785355,1.6445323607754927
Leve Desc (-1.5 a -0.5),303,-0.3474861220708218,-0.4612101916889322,0.0782342105353445,47.85478547854785,-4.441613397149599,-0.4257203326061663
Neutro,231,-0.2659746095118212,-0.6514646634046772,0.0648317085894273,45.45454545454545,-4.1025388840771235,-0.3308063181012485
Leve Premio (0.5 a 1.5),136,-2.5669863254848755,-3.1179975086278238,0.0684341741485586,33.82352941176471,-37.510298325542735,-2.635420499633434
Caro (1.5 a 2.5),63,-0.8184744443179156,-0.5339961189872011,0.0896217061164199,46.03174603174603,-9.132546909140054,-0.9080961504343354
Muito Caro (>2.5),11,-3.578541522299848,-4.790587184076234,0.1048229341279015,36.36363636363637,-34.13891738419105,-3.6833644564277495
Muito Barato (<-2.5),7,3.7573430239310737,5.748787122144661,0.0909128070141222,57.14285714285714,41.32908339325979,3.6664302169169516
Barato (-2.5 a -1.5),86,-0.7077166762570855,-0.6392041944049354,0.079284269751759,46.51162790697674,-8.926318796233414,-0.7870009460088445
Leve Desc (-1.5 a -0.5),240,0.845543897990376,0.3927772141794516,0.0629574283960078,52.083333333333336,13.430406960738978,0.7825864695943682
Neutro,211,-1.29224920930387,-1.0976986305064609,0.0736701058537321,43.127962085308056,-17.541025315323065,-1.3659193151576021
Leve Premio (0.5 a 1.5),176,-0.0752087506147974,-1.013050622108369,0.0684080422402741,46.02272727272727,-1.0994138562133218,-0.1436167928550715
Caro (1.5 a 2.5),171,1.328550594410313,2.348066676061844,0.0635782100770431,60.0,20.896319224842546,1.26497238433327
Muito Caro (>2.5),23,1.510192970648511,0.9654001126637723,0.0648355336659579,58.333333333333336,23.29267397005739,1.4453574369825533
Muito Barato (<-2.5),9,0.1411983828375435,1.146975751565349,0.0413929995366545,66.66666666666666,3.4111656803547965,0.09980538330088899
Barato (-2.5 a -1.5),83,-0.2075248912148002,-1.009396152091191,0.051110550588995,40.963855421686745,-4.060314059680075,-0.2586354418037952
Leve Desc (-1.5 a -0.5),219,0.5679114931371071,-0.0689778207219382,0.0450606422607358,48.401826484018265,12.603270882108433,0.5228508508763713
Neutro,229,0.2996240228115419,-0.0696378556197196,0.0492246084838895,49.34497816593886,6.086874552242095,0.2503994143276524
Leve Premio (0.5 a 1.5),197,0.2976716196196212,-0.3691169084065526,0.0511355124321411,46.7005076142132,5.8212306798218325,0.2465361071874801
Caro (1.5 a 2.5),135,0.3133554013492343,0.2720566291085857,0.0436393164171982,50.0,7.180575221961225,0.2697160849320361
Muito Caro (>2.5),42,-0.3091316260237665,0.2725964317745077,0.0365159326314016,51.11111111111111,-8.46566403434174,-0.34564755865516805
Muito Barato (<-2.5),8,1.4888247273085908,2.443737783483646,0.0419078193660286,87.5,35.526178987716214,1.4469169079425623
Barato (-2.5 a -1.5),51,2.6646468168612025,1.9912526746005188,0.0626843495741145,66.66666666666666,42.5089642383815,2.601962467287088
Leve Desc (-1.5 a -0.5),100,1.4749360750590812,1.0718199069707612,0.0675396089990657,56.99999999999999,21.838089901311015,1.4073964660600156
Neutro,99,2.5449562762985374,3.490428692678682,0.0686607558805951,63.63636363636363,37.06566009349939,2.4762955204179424
Leve Premio (0.5 a 1.5),302,1.7601815434487935,1.5278797849796577,0.0479414549125619,60.45751633986928,36.71522922998216,1.7122400885362317
Caro (1.5 a 2.5),312,0.4608303849481717,0.3367655403969438,0.0477962821857314,51.886792452830186,9.641552736589007,0.4130341027624403
Muito Caro (>2.5),42,0.8307321023866953,0.7315196789659861,0.0456088311530134,57.14285714285714,18.214281383037086,0.7851232712336819
Muito Barato (<-2.5),8,1.8795552888129925,0.7638510870034976,0.0301788072466998,75.0,62.28063326584578,1.8493764815662928
Barato (-2.5 a -1.5),116,1.4408804189445072,1.2146788108368112,0.0490895383895486,63.793103448275865,29.35208675539697,1.3917908805549586
Leve Desc (-1.5 a -0.5),282,1.2481455308546463,0.1662475194753043,0.0450059786012424,51.388888888888886,27.732882206172246,1.2031395522534039
Neutro,236,-1.4791440796279054,-1.7529384726943875,0.0486537109395651,35.0,-30.40146415683997,-1.5277977905674704
Leve Premio (0.5 a 1.5),187,0.0690330330476358,-0.1033512513118783,0.0467638307834874,47.593582887700535,1.4762056575528912,0.022269202264148406
Caro (1.5 a 2.5),75,-2.348253299777722,-2.295426254945077,0.0526338544588613,29.33333333333333,-44.61488293619532,-2.400887154236583
Muito Caro (>2.5),10,1.580267506105825,-1.1117739419688075,0.070466334919561,30.0,22.425850379246878,1.5098011711862638
Muito Barato (<-2.5),15,-0.9573202109973404,0.7311065171524689,0.0456789441369816,66.66666666666666,-20.957581400501642,-1.002999155134322
Barato (-2.5 a -1.5),118,-1.7744303608380392,-1.850742934636862,0.0768985707189306,41.52542372881356,-23.074945622185293,-1.8513289315569699
Leve Desc (-1.5 a -0.5),154,0.3574742380294921,-0.1177260449743144,0.0944463802619439,49.35064935064935,3.7849437241862045,0.26302785776754817
Neutro,150,1.907334040364312,0.7444272832616616,0.0977697878183396,52.0,19.508419353428483,1.8095642525459723
Leve Premio (0.5 a 1.5),317,1.1109159522543235,1.0081930409133522,0.0671316805920174,54.93827160493827,16.548311108989438,1.043784271662306
Caro (1.5 a 2.5),146,1.1143598756914896,0.829412956537201,0.0593586162712068,55.70469798657718,18.773346262431122,1.0550012594202829
Muito Caro (>2.5),14,-1.8044517382084608,-1.5964742454600556,0.0613513175936605,28.57142857142857,-29.411784124146223,-1.8658030558021212
Muito Barato (<-2.5),17,-0.4531802173890363,-2.714016603670688,0.0525788275196408,29.411764705882355,-8.619062655984262,-0.5057590449086771
Barato (-2.5 a -1.5),140,0.1328298517785059,-1.1919647118896592,0.0425279497641736,43.57142857142857,3.1233541563071134,0.0903019020143323
Leve Desc (-1.5 a -0.5),254,0.6229785508605984,0.0333935956765729,0.0534301336070679,48.28897338403042,11.659685221496503,0.5695484172535304
Neutro,216,0.2110807071927276,0.0292631202311044,0.0589759378240712,50.23041474654379,3.5790987206222207,0.15210476936865638
Leve Premio (0.5 a 1.5),159,0.0610580824117274,0.3651169268056975,0.0583751299957821,52.83018867924528,1.0459605206905516,0.0026829524159453014
Caro (1.5 a 2.5),120,-0.159656795045565,0.5671828443134852,0.0485627996278821,55.00000000000001,-3.2876356590089,-0.20821959467344708
Muito Caro (>2.5),8,-5.101130367780246,-5.039817002867986,0.0382688906449967,12.5,-133.2970501236654,-5.139399258425242
Muito Barato (<-2.5),15,0.1148614790584197,0.3220102779202483,0.0273851512363822,53.333333333333336,4.194297627669272,0.0874763278220375
Barato (-2.5 a -1.5),74,0.016012409363724,0.2300003210972678,0.0297453408613185,52.702702702702695,0.5383165350184423,-0.0137329314975945
Leve Desc (-1.5 a -0.5),143,1.030445139554633,1.3275387400740746,0.0305588953712017,65.03496503496503,33.719972313061376,0.9998862441834313
Neutro,245,0.2058605048561158,0.0580812588222734,0.0257802401443469,51.42857142857142,7.98520478157967,0.18008026471176888
Leve Premio (0.5 a 1.5),227,-0.0209570335483547,0.0,0.0275293429551333,48.89867841409692,-0.7612616407608549,-0.048486376503488
Caro (1.5 a 2.5),171,0.7053224772133081,0.2749544045728802,0.0372335250005177,51.93370165745856,18.94320933245756,0.6680889522127904
Muito Caro (>2.5),39,1.377692914011703,0.1295264164260068,0.0597769268180889,51.28205128205128,23.04723518418763,1.317915987193614
Muito Barato (<-2.5),14,4.231828906254297,2.573222892014781,0.049138456454674,85.71428571428571,86.12050775419222,4.1826904497996225
Barato (-2.5 a -1.5),81,1.4502287087539274,0.8559939739187117,0.0431579732303632,59.25925925925925,33.602798431017156,1.407070735523564
Leve Desc (-1.5 a -0.5),126,0.1531572732252357,-0.6100140786930552,0.0440227670083643,45.23809523809524,3.4790468694775374,0.1091345062168714
Neutro,124,-0.5422084968062193,-0.6957893914548541,0.0418072244370425,41.12903225806452,-12.969253308204607,-0.5840157212432618
Leve Premio (0.5 a 1.5),245,2.483341170155284,2.04311831543309,0.0489085411342846,65.09803921568627,50.77520330368785,2.4344326290209994
Caro (1.5 a 2.5),303,0.7065186335384913,0.9803916040269424,0.0485729814945737,58.415841584158414,14.545506519337568,0.6579456520439176
Muito Caro (>2.5),21,0.95539692551453,0.6932506360749713,0.0399035895927457,57.14285714285714,23.942630508248474,0.9154933359217843
Muito Barato (<-2.5),5,-4.176425184265993,-2.6676066710373925,0.0945261057821432,40.0,-44.18276946380019,-4.270951290048136
Barato (-2.5 a -1.5),56,3.348468841761965,3.0653819078860667,0.110602106968998,66.07142857142857,30.274909793767655,3.237866734792967
Leve Desc (-1.5 a -0.5),200,1.4184229195981517,1.5177909720276994,0.0628967191515561,61.5,22.55161980116477,1.3555262004465956
Neutro,250,-0.2985817731060914,-0.9844301019555024,0.0689162395249978,44.0,-4.332531357362531,-0.3674980126310892
Leve Premio (0.5 a 1.5),274,0.3039347462303544,0.8663695908422309,0.0543984430466442,53.90070921985816,5.5871955817292145,0.24953630318371017
Caro (1.5 a 2.5),97,0.9016093274242772,-0.2017275441174026,0.0627662144857891,46.464646464646464,14.364564128108228,0.8388431129384881
Muito Caro (>2.5),32,-1.261162253035024,-0.6204808280600771,0.0467573962233403,40.625,-26.972464848951827,-1.3079196492583642
Muito Barato (<-2.5),3,-0.7933715926087862,-1.4200586664078974,0.021614260626609,33.33333333333333,-36.70593084855039,-0.8149858532353952
Barato (-2.5 a -1.5),98,-1.3799259410311258,-1.958953371944877,0.0581695889776041,42.85714285714285,-23.722462915114438,-1.43809553000873
Leve Desc (-1.5 a -0.5),173,0.0689905013704364,-0.7962587556815781,0.0631914469146363,45.08670520231214,1.091769592993563,0.005799054455800104
Neutro,151,1.2719864689573497,1.966629041543144,0.0557890143256596,58.94039735099338,22.79994478361607,1.21619745463169
Leve Premio (0.5 a 1.5),203,0.836329931603761,1.0273983332379943,0.0647553242531321,55.8252427184466,12.915230188938155,0.7715746073506289
Caro (1.5 a 2.5),227,1.81366845771552,1.056154554324551,0.0589193460387746,60.68376068376068,30.782222629214672,1.7547491116767453
Muito Caro (>2.5),59,1.3764109409150005,1.1087983173208027,0.0385467881123796,67.79661016949152,35.70753810135007,1.337864152802621
Muito Barato (<-2.5),10,6.08935794295846,4.879176684602504,0.0780533644680921,80.0,78.01531562976314,6.0113045784903685
Barato (-2.5 a -1.5),156,1.6689842096743748,1.589205490727108,0.0682765002225961,59.61538461538461,24.444489389301406,1.6007077094517788
Leve Desc (-1.5 a -0.5),401,-1.5536344644730204,-1.623090948941186,0.0779887127338508,39.15211970074813,-19.921273093117694,-1.6316231772068712
Neutro,144,-0.2120462067598756,0.1254138565842888,0.0920955468322956,50.69444444444444,-2.302458824024893,-0.3041417535921712
Leve Premio (0.5 a 1.5),136,-0.8670425073692392,-1.8911238188448976,0.0838845651914963,35.66433566433567,-10.336138657377173,-0.9509270725607355
Caro (1.5 a 2.5),50,1.645351994930776,3.65438515477422,0.0649968665771323,56.60377358490566,25.3143275401422,1.5803551283536437
Muito Caro (>2.5),17,1.1600568392156558,1.0169327144904372,0.082948126721974,64.70588235294117,13.98532879613559,1.0771087124936818
Muito Barato (<-2.5),1,-0.9142794577483572,-0.9142794577483572,,0.0,,
Barato (-2.5 a -1.5),120,-1.334439606724268,-1.270285318176506,0.0515668419454843,37.5,-25.87786124768231,-1.3860064486697523
Leve Desc (-1.5 a -0.5),332,0.6187720236091893,0.0881818566045855,0.0577195476461505,50.60240963855421,10.720319859092612,0.5610524759630388
Neutro,197,0.3689183485631832,0.5716982957106875,0.0482315799548159,54.314720812182735,7.648896039895347,0.32068676860836726
Leve Premio (0.5 a 1.5),124,-1.3827155247190634,-1.3163116940061614,0.0551826889017443,37.903225806451616,-25.057051897634235,-1.4378982136208078
Caro (1.5 a 2.5),90,0.7269053224919018,2.211510312573861,0.0450091119922385,68.88888888888889,16.150181022613165,0.6818962104996633
Muito Caro (>2.5),50,3.3636241270592047,3.055775037206798,0.0331044798723537,66.66666666666666,101.60630943070439,3.330519647186851
Muito Barato (<-2.5),15,2.0084481006421706,0.9874410864398442,0.0607161199825283,60.0,33.0793217376341,1.9477319806596423
Barato (-2.5 a -1.5),112,1.6430654006295176,0.3914446417986217,0.0675351396167921,53.57142857142857,24.329043896607832,1.5755302610127255
Leve Desc (-1.5 a -0.5),136,-1.576250304323181,-2.380529909435608,0.0703102106246974,38.97058823529412,-22.41851173392717,-1.6465605149478784
Neutro,184,-0.6167252021264582,-1.237769157909202,0.0618641817485563,41.84782608695652,-9.969018820358546,-0.6785893838750146
Leve Premio (0.5 a 1.5),159,2.446377502022272,2.2538515446405283,0.0626149363548881,66.0377358490566,39.070190043579004,2.383762565667384
Caro (1.5 a 2.5),269,1.2340519675737829,1.497423459600311,0.0460654304634711,58.992805755395686,26.78911123522982,1.1879865371103118
Muito Caro (>2.5),39,-0.206980101475482,0.9519325138850564,0.043925649336467,60.0,-4.712055482162036,-0.250905750811949
Muito Barato (<-2.5),13,0.2340059319289327,-0.6827317135458144,0.0293142893433485,38.46153846153847,7.982657236047652,0.2046916425855842
Barato (-2.5 a -1.5),92,0.2227940506195536,0.3361882056866716,0.0287617373140483,54.34782608695652,7.746195594538621,0.1940323133055053
Leve Desc (-1.5 a -0.5),156,-0.3669529336081815,-0.7908524685446394,0.0429961054574391,44.87179487179488,-8.534561936937711,-0.4099490390656206
Neutro,139,0.5531383759324349,0.515149625337008,0.0439124194088574,54.67625899280576,12.596399168670363,0.5092259565235775
Leve Premio (0.5 a 1.5),216,1.4238903849249716,1.481722135173158,0.0400186999139207,57.14285714285714,35.580624868051736,1.3838716850110508
Caro (1.5 a 2.5),248,0.5609951793562288,0.5042399019401289,0.0375645523096818,57.6,14.9341634580715,0.523430627046547
Muito Caro (>2.5),50,0.8405178393681217,1.6239803183671575,0.0348825193668565,62.0,24.095674008886604,0.8056353200012653
Muito Barato (<-2.5),5,-0.1737100622894694,2.986967243823946,0.0530582562247503,60.0,-3.273949642817106,-0.2267683185142197
Barato (-2.5 a -1.5),135,0.2010417791656933,0.08200903941602,0.0532482880651982,50.37037037037037,3.7755537820104226,0.1477934911004951
Leve Desc (-1.5 a -0.5),231,-0.8871827478780536,-1.395968512148471,0.0590818682281798,38.52813852813853,-15.016159093607373,-0.9462646161062335
Neutro,137,2.316669085291322,2.4804991204614657,0.0620892341607589,67.3913043478261,37.31192821578648,2.254579851130563
Leve Premio (0.5 a 1.5),182,0.9120639216901076,0.5322014919845963,0.047633558532133,52.35602094240838,19.14750714934165,0.8644303631579746
Caro (1.5 a 2.5),186,1.573164706748523,1.4313565663141126,0.058888287100393,60.752688172043015,26.714390203814133,1.51427641964813
Muito Caro (>2.5),38,0.0258447594961875,0.0237209849139552,0.0435931978593951,50.0,0.5928621934707483,-0.017748438363207598
Muito Barato (<-2.5),16,3.0124963801559588,4.876604810830698,0.0897076688333998,62.5,33.58125772022173,2.922788711322559
Barato (-2.5 a -1.5),122,-2.069411429740793,-4.708272838052402,0.1107189780899032,33.60655737704918,-18.69066574449212,-2.180130407830696
Leve Desc (-1.5 a -0.5),273,-0.7152052181797147,-1.3496928256949037,0.1018559007813133,43.58974358974359,-7.021735664520205,-0.8170611189610281
Neutro,171,0.1219936559710651,-1.7231161670166584,0.1429719334496851,41.34078212290503,0.8532699542790148,-0.020978277478619994
Leve Premio (0.5 a 1.5),173,-0.2395916839400424,-0.5545243102338615,0.1140679846251491,48.0,-2.100428815560836,-0.3536596685651915
Caro (1.5 a 2.5),136,3.852563595235625,3.866675029468136,0.10236210354639,60.29411764705882,37.6366196485308,3.7502014916892352
Muito Caro (>2.5),23,9.45653572595082,10.823807971660692,0.1131119981329285,82.6086956521739,83.6032940664196,9.34342372781789
